date,product,region,quantity,unit_price_cents
2026-08-01,product-0,region-0,1,100
2026-08-02,product-1,region-1,2,101
2026-08-03,product-2,region-2,3,102
2026-08-04,product-3,region-3,4,103
2026-08-05,product-4,region-4,5,104
2026-08-06,product-5,region-0,6,105
2026-08-07,product-6,region-1,7,106
2026-08-08,product-7,region-2,8,107
2026-08-09,product-8,region-3,9,108
2026-08-10,product-9,region-4,1,109
2026-08-11,product-10,region-0,2,110
2026-08-12,product-11,region-1,3,111
2026-08-13,product-12,region-2,4,112
2026-08-14,product-13,region-3,5,113
2026-08-15,product-14,region-4,6,114
2026-08-16,product-15,region-0,7,115
2026-08-17,product-16,region-1,8,116
2026-08-18,product-0,region-2,9,117
2026-08-19,product-1,region-3,1,118
2026-08-20,product-2,region-4,2,119
2026-08-21,product-3,region-0,3,120
2026-08-22,product-4,region-1,4,121
2026-08-23,product-5,region-2,5,122
2026-08-24,product-6,region-3,6,123
2026-08-25,product-7,region-4,7,124
2026-08-26,product-8,region-0,8,125
2026-08-27,product-9,region-1,9,126
2026-08-28,product-10,region-2,1,127
2026-08-01,product-11,region-3,2,128
2026-08-02,product-12,region-4,3,129
2026-08-03,product-13,region-0,4,130
2026-08-04,product-14,region-1,5,131
2026-08-05,product-15,region-2,6,132
2026-08-06,product-16,region-3,7,133
2026-08-07,product-0,region-4,8,134
2026-08-08,product-1,region-0,9,135
2026-08-09,product-2,region-1,1,136
2026-08-10,product-3,region-2,2,137
2026-08-11,product-4,region-3,3,138
2026-08-12,product-5,region-4,4,139
2026-08-13,product-6,region-0,5,140
2026-08-14,product-7,region-1,6,141
2026-08-15,product-8,region-2,7,142
2026-08-16,product-9,region-3,8,143
2026-08-17,product-10,region-4,9,144
2026-08-18,product-11,region-0,1,145
2026-08-19,product-12,region-1,2,146
2026-08-20,product-13,region-2,3,147
2026-08-21,product-14,region-3,4,148
2026-08-22,product-15,region-4,5,149
2026-08-23,product-16,region-0,6,150
2026-08-24,product-0,region-1,7,151
2026-08-25,product-1,region-2,8,152
2026-08-26,product-2,region-3,9,153
2026-08-27,product-3,region-4,1,154
2026-08-28,product-4,region-0,2,155
2026-08-01,product-5,region-1,3,156
2026-08-02,product-6,region-2,4,157
2026-08-03,product-7,region-3,5,158
2026-08-04,product-8,region-4,6,159
2026-08-05,product-9,region-0,7,160
2026-08-06,product-10,region-1,8,161
2026-08-07,product-11,region-2,9,162
2026-08-08,product-12,region-3,1,163
2026-08-09,product-13,region-4,2,164
2026-08-10,product-14,region-0,3,165
2026-08-11,product-15,region-1,4,166
2026-08-12,product-16,region-2,5,167
2026-08-13,product-0,region-3,6,168
2026-08-14,product-1,region-4,7,169
2026-08-15,product-2,region-0,8,170
2026-08-16,product-3,region-1,9,171
2026-08-17,product-4,region-2,1,172
2026-08-18,product-5,region-3,2,173
2026-08-19,product-6,region-4,3,174
2026-08-20,product-7,region-0,4,175
2026-08-21,product-8,region-1,5,176
2026-08-22,product-9,region-2,6,177
2026-08-23,product-10,region-3,7,178
2026-08-24,product-11,region-4,8,179
2026-08-25,product-12,region-0,9,180
2026-08-26,product-13,region-1,1,181
2026-08-27,product-14,region-2,2,182
2026-08-28,product-15,region-3,3,183
2026-08-01,product-16,region-4,4,184
2026-08-02,product-0,region-0,5,185
2026-08-03,product-1,region-1,6,186
2026-08-04,product-2,region-2,7,187
2026-08-05,product-3,region-3,8,188
2026-08-06,product-4,region-4,9,189
2026-08-07,product-5,region-0,1,190
2026-08-08,product-6,region-1,2,191
2026-08-09,product-7,region-2,3,192
2026-08-10,product-8,region-3,4,193
2026-08-11,product-9,region-4,5,194
2026-08-12,product-10,region-0,6,195
2026-08-13,product-11,region-1,7,196
2026-08-14,product-12,region-2,8,197
2026-08-15,product-13,region-3,9,198
2026-08-16,product-14,region-4,1,199
2026-08-17,product-15,region-0,2,200
2026-08-18,product-16,region-1,3,201
2026-08-19,product-0,region-2,4,202
2026-08-20,product-1,region-3,5,203
2026-08-21,product-2,region-4,6,204
2026-08-22,product-3,region-0,7,205
2026-08-23,product-4,region-1,8,206
2026-08-24,product-5,region-2,9,207
2026-08-25,product-6,region-3,1,208
2026-08-26,product-7,region-4,2,209
2026-08-27,product-8,region-0,3,210
2026-08-28,product-9,region-1,4,211
2026-08-01,product-10,region-2,5,212
2026-08-02,product-11,region-3,6,213
2026-08-03,product-12,region-4,7,214
2026-08-04,product-13,region-0,8,215
2026-08-05,product-14,region-1,9,216
2026-08-06,product-15,region-2,1,217
2026-08-07,product-16,region-3,2,218
2026-08-08,product-0,region-4,3,219
2026-08-09,product-1,region-0,4,220
2026-08-10,product-2,region-1,5,221
2026-08-11,product-3,region-2,6,222
2026-08-12,product-4,region-3,7,223
2026-08-13,product-5,region-4,8,224
2026-08-14,product-6,region-0,9,225
2026-08-15,product-7,region-1,1,226
2026-08-16,product-8,region-2,2,227
2026-08-17,product-9,region-3,3,228
2026-08-18,product-10,region-4,4,229
2026-08-19,product-11,region-0,5,230
2026-08-20,product-12,region-1,6,231
2026-08-21,product-13,region-2,7,232
2026-08-22,product-14,region-3,8,233
2026-08-23,product-15,region-4,9,234
2026-08-24,product-16,region-0,1,235
2026-08-25,product-0,region-1,2,236
2026-08-26,product-1,region-2,3,237
2026-08-27,product-2,region-3,4,238
2026-08-28,product-3,region-4,5,239
2026-08-01,product-4,region-0,6,240
2026-08-02,product-5,region-1,7,241
2026-08-03,product-6,region-2,8,242
2026-08-04,product-7,region-3,9,243
2026-08-05,product-8,region-4,1,244
2026-08-06,product-9,region-0,2,245
2026-08-07,product-10,region-1,3,246
2026-08-08,product-11,region-2,4,247
2026-08-09,product-12,region-3,5,248
2026-08-10,product-13,region-4,6,249
2026-08-11,product-14,region-0,7,250
2026-08-12,product-15,region-1,8,251
2026-08-13,product-16,region-2,9,252
2026-08-14,product-0,region-3,1,253
2026-08-15,product-1,region-4,2,254
2026-08-16,product-2,region-0,3,255
2026-08-17,product-3,region-1,4,256
2026-08-18,product-4,region-2,5,257
2026-08-19,product-5,region-3,6,258
2026-08-20,product-6,region-4,7,259
2026-08-21,product-7,region-0,8,260
2026-08-22,product-8,region-1,9,261
2026-08-23,product-9,region-2,1,262
2026-08-24,product-10,region-3,2,263
2026-08-25,product-11,region-4,3,264
2026-08-26,product-12,region-0,4,265
2026-08-27,product-13,region-1,5,266
2026-08-28,product-14,region-2,6,267
2026-08-01,product-15,region-3,7,268
2026-08-02,product-16,region-4,8,269
2026-08-03,product-0,region-0,9,270
2026-08-04,product-1,region-1,1,271
2026-08-05,product-2,region-2,2,272
2026-08-06,product-3,region-3,3,273
2026-08-07,product-4,region-4,4,274
2026-08-08,product-5,region-0,5,275
2026-08-09,product-6,region-1,6,276
2026-08-10,product-7,region-2,7,277
2026-08-11,product-8,region-3,8,278
2026-08-12,product-9,region-4,9,279
2026-08-13,product-10,region-0,1,280
2026-08-14,product-11,region-1,2,281
2026-08-15,product-12,region-2,3,282
2026-08-16,product-13,region-3,4,283
2026-08-17,product-14,region-4,5,284
2026-08-18,product-15,region-0,6,285
2026-08-19,product-16,region-1,7,286
2026-08-20,product-0,region-2,8,287
2026-08-21,product-1,region-3,9,288
2026-08-22,product-2,region-4,1,289
2026-08-23,product-3,region-0,2,290
2026-08-24,product-4,region-1,3,291
2026-08-25,product-5,region-2,4,292
2026-08-26,product-6,region-3,5,293
2026-08-27,product-7,region-4,6,294
2026-08-28,product-8,region-0,7,295
2026-08-01,product-9,region-1,8,296
2026-08-02,product-10,region-2,9,297
2026-08-03,product-11,region-3,1,298
2026-08-04,product-12,region-4,2,299
2026-08-05,product-13,region-0,3,300
2026-08-06,product-14,region-1,4,301
2026-08-07,product-15,region-2,5,302
2026-08-08,product-16,region-3,6,303
2026-08-09,product-0,region-4,7,304
2026-08-10,product-1,region-0,8,305
2026-08-11,product-2,region-1,9,306
2026-08-12,product-3,region-2,1,307
2026-08-13,product-4,region-3,2,308
2026-08-14,product-5,region-4,3,309
2026-08-15,product-6,region-0,4,310
2026-08-16,product-7,region-1,5,311
2026-08-17,product-8,region-2,6,312
2026-08-18,product-9,region-3,7,313
2026-08-19,product-10,region-4,8,314
2026-08-20,product-11,region-0,9,315
2026-08-21,product-12,region-1,1,316
2026-08-22,product-13,region-2,2,317
2026-08-23,product-14,region-3,3,318
2026-08-24,product-15,region-4,4,319
2026-08-25,product-16,region-0,5,320
2026-08-26,product-0,region-1,6,321
2026-08-27,product-1,region-2,7,322
2026-08-28,product-2,region-3,8,323
2026-08-01,product-3,region-4,9,324
2026-08-02,product-4,region-0,1,325
2026-08-03,product-5,region-1,2,326
2026-08-04,product-6,region-2,3,327
2026-08-05,product-7,region-3,4,328
2026-08-06,product-8,region-4,5,329
2026-08-07,product-9,region-0,6,330
2026-08-08,product-10,region-1,7,331
2026-08-09,product-11,region-2,8,332
2026-08-10,product-12,region-3,9,333
2026-08-11,product-13,region-4,1,334
2026-08-12,product-14,region-0,2,335
2026-08-13,product-15,region-1,3,336
2026-08-14,product-16,region-2,4,337
2026-08-15,product-0,region-3,5,338
2026-08-16,product-1,region-4,6,339
2026-08-17,product-2,region-0,7,340
2026-08-18,product-3,region-1,8,341
2026-08-19,product-4,region-2,9,342
2026-08-20,product-5,region-3,1,343
2026-08-21,product-6,region-4,2,344
2026-08-22,product-7,region-0,3,345
2026-08-23,product-8,region-1,4,346
2026-08-24,product-9,region-2,5,347
2026-08-25,product-10,region-3,6,348
2026-08-26,product-11,region-4,7,349
2026-08-27,product-12,region-0,8,350
2026-08-28,product-13,region-1,9,351
2026-08-01,product-14,region-2,1,352
2026-08-02,product-15,region-3,2,353
2026-08-03,product-16,region-4,3,354
2026-08-04,product-0,region-0,4,355
2026-08-05,product-1,region-1,5,356
2026-08-06,product-2,region-2,6,357
2026-08-07,product-3,region-3,7,358
2026-08-08,product-4,region-4,8,359
2026-08-09,product-5,region-0,9,360
2026-08-10,product-6,region-1,1,361
2026-08-11,product-7,region-2,2,362
2026-08-12,product-8,region-3,3,363
2026-08-13,product-9,region-4,4,364
2026-08-14,product-10,region-0,5,365
2026-08-15,product-11,region-1,6,366
2026-08-16,product-12,region-2,7,367
2026-08-17,product-13,region-3,8,368
2026-08-18,product-14,region-4,9,369
2026-08-19,product-15,region-0,1,370
2026-08-20,product-16,region-1,2,371
2026-08-21,product-0,region-2,3,372
2026-08-22,product-1,region-3,4,373
2026-08-23,product-2,region-4,5,374
2026-08-24,product-3,region-0,6,375
2026-08-25,product-4,region-1,7,376
2026-08-26,product-5,region-2,8,377
2026-08-27,product-6,region-3,9,378
2026-08-28,product-7,region-4,1,379
2026-08-01,product-8,region-0,2,380
2026-08-02,product-9,region-1,3,381
2026-08-03,product-10,region-2,4,382
2026-08-04,product-11,region-3,5,383
2026-08-05,product-12,region-4,6,384
2026-08-06,product-13,region-0,7,385
2026-08-07,product-14,region-1,8,386
2026-08-08,product-15,region-2,9,387
2026-08-09,product-16,region-3,1,388
2026-08-10,product-0,region-4,2,389
2026-08-11,product-1,region-0,3,390
2026-08-12,product-2,region-1,4,391
2026-08-13,product-3,region-2,5,392
2026-08-14,product-4,region-3,6,393
2026-08-15,product-5,region-4,7,394
2026-08-16,product-6,region-0,8,395
2026-08-17,product-7,region-1,9,396
2026-08-18,product-8,region-2,1,397
2026-08-19,product-9,region-3,2,398
2026-08-20,product-10,region-4,3,399
2026-08-21,product-11,region-0,4,400
2026-08-22,product-12,region-1,5,401
2026-08-23,product-13,region-2,6,402
2026-08-24,product-14,region-3,7,403
2026-08-25,product-15,region-4,8,404
2026-08-26,product-16,region-0,9,405
2026-08-27,product-0,region-1,1,406
2026-08-28,product-1,region-2,2,407
2026-08-01,product-2,region-3,3,408
2026-08-02,product-3,region-4,4,409
2026-08-03,product-4,region-0,5,410
2026-08-04,product-5,region-1,6,411
2026-08-05,product-6,region-2,7,412
2026-08-06,product-7,region-3,8,413
2026-08-07,product-8,region-4,9,414
2026-08-08,product-9,region-0,1,415
2026-08-09,product-10,region-1,2,416
2026-08-10,product-11,region-2,3,417
2026-08-11,product-12,region-3,4,418
2026-08-12,product-13,region-4,5,419
2026-08-13,product-14,region-0,6,420
2026-08-14,product-15,region-1,7,421
2026-08-15,product-16,region-2,8,422
2026-08-16,product-0,region-3,9,423
2026-08-17,product-1,region-4,1,424
2026-08-18,product-2,region-0,2,425
2026-08-19,product-3,region-1,3,426
2026-08-20,product-4,region-2,4,427
2026-08-21,product-5,region-3,5,428
2026-08-22,product-6,region-4,6,429
2026-08-23,product-7,region-0,7,430
2026-08-24,product-8,region-1,8,431
2026-08-25,product-9,region-2,9,432
2026-08-26,product-10,region-3,1,433
2026-08-27,product-11,region-4,2,434
2026-08-28,product-12,region-0,3,435
2026-08-01,product-13,region-1,4,436
2026-08-02,product-14,region-2,5,437
2026-08-03,product-15,region-3,6,438
2026-08-04,product-16,region-4,7,439
2026-08-05,product-0,region-0,8,440
2026-08-06,product-1,region-1,9,441
2026-08-07,product-2,region-2,1,442
2026-08-08,product-3,region-3,2,443
2026-08-09,product-4,region-4,3,444
2026-08-10,product-5,region-0,4,445
2026-08-11,product-6,region-1,5,446
2026-08-12,product-7,region-2,6,447
2026-08-13,product-8,region-3,7,448
2026-08-14,product-9,region-4,8,449
2026-08-15,product-10,region-0,9,450
2026-08-16,product-11,region-1,1,451
2026-08-17,product-12,region-2,2,452
2026-08-18,product-13,region-3,3,453
2026-08-19,product-14,region-4,4,454
2026-08-20,product-15,region-0,5,455
2026-08-21,product-16,region-1,6,456
2026-08-22,product-0,region-2,7,457
2026-08-23,product-1,region-3,8,458
2026-08-24,product-2,region-4,9,459
2026-08-25,product-3,region-0,1,460
2026-08-26,product-4,region-1,2,461
2026-08-27,product-5,region-2,3,462
2026-08-28,product-6,region-3,4,463
2026-08-01,product-7,region-4,5,464
2026-08-02,product-8,region-0,6,465
2026-08-03,product-9,region-1,7,466
2026-08-04,product-10,region-2,8,467
2026-08-05,product-11,region-3,9,468
2026-08-06,product-12,region-4,1,469
2026-08-07,product-13,region-0,2,470
2026-08-08,product-14,region-1,3,471
2026-08-09,product-15,region-2,4,472
2026-08-10,product-16,region-3,5,473
2026-08-11,product-0,region-4,6,474
2026-08-12,product-1,region-0,7,475
2026-08-13,product-2,region-1,8,476
2026-08-14,product-3,region-2,9,477
2026-08-15,product-4,region-3,1,478
2026-08-16,product-5,region-4,2,479
2026-08-17,product-6,region-0,3,480
2026-08-18,product-7,region-1,4,481
2026-08-19,product-8,region-2,5,482
2026-08-20,product-9,region-3,6,483
2026-08-21,product-10,region-4,7,484
2026-08-22,product-11,region-0,8,485
2026-08-23,product-12,region-1,9,486
2026-08-24,product-13,region-2,1,487
2026-08-25,product-14,region-3,2,488
2026-08-26,product-15,region-4,3,489
2026-08-27,product-16,region-0,4,490
2026-08-28,product-0,region-1,5,491
2026-08-01,product-1,region-2,6,492
2026-08-02,product-2,region-3,7,493
2026-08-03,product-3,region-4,8,494
2026-08-04,product-4,region-0,9,495
2026-08-05,product-5,region-1,1,496
2026-08-06,product-6,region-2,2,497
2026-08-07,product-7,region-3,3,498
2026-08-08,product-8,region-4,4,499
2026-08-09,product-9,region-0,5,100
2026-08-10,product-10,region-1,6,101
2026-08-11,product-11,region-2,7,102
2026-08-12,product-12,region-3,8,103
2026-08-13,product-13,region-4,9,104
2026-08-14,product-14,region-0,1,105
2026-08-15,product-15,region-1,2,106
2026-08-16,product-16,region-2,3,107
2026-08-17,product-0,region-3,4,108
2026-08-18,product-1,region-4,5,109
2026-08-19,product-2,region-0,6,110
2026-08-20,product-3,region-1,7,111
2026-08-21,product-4,region-2,8,112
2026-08-22,product-5,region-3,9,113
2026-08-23,product-6,region-4,1,114
2026-08-24,product-7,region-0,2,115
2026-08-25,product-8,region-1,3,116
2026-08-26,product-9,region-2,4,117
2026-08-27,product-10,region-3,5,118
2026-08-28,product-11,region-4,6,119
2026-08-01,product-12,region-0,7,120
2026-08-02,product-13,region-1,8,121
2026-08-03,product-14,region-2,9,122
2026-08-04,product-15,region-3,1,123
2026-08-05,product-16,region-4,2,124
2026-08-06,product-0,region-0,3,125
2026-08-07,product-1,region-1,4,126
2026-08-08,product-2,region-2,5,127
2026-08-09,product-3,region-3,6,128
2026-08-10,product-4,region-4,7,129
2026-08-11,product-5,region-0,8,130
2026-08-12,product-6,region-1,9,131
2026-08-13,product-7,region-2,1,132
2026-08-14,product-8,region-3,2,133
2026-08-15,product-9,region-4,3,134
2026-08-16,product-10,region-0,4,135
2026-08-17,product-11,region-1,5,136
2026-08-18,product-12,region-2,6,137
2026-08-19,product-13,region-3,7,138
2026-08-20,product-14,region-4,8,139
2026-08-21,product-15,region-0,9,140
2026-08-22,product-16,region-1,1,141
2026-08-23,product-0,region-2,2,142
2026-08-24,product-1,region-3,3,143
2026-08-25,product-2,region-4,4,144
2026-08-26,product-3,region-0,5,145
2026-08-27,product-4,region-1,6,146
2026-08-28,product-5,region-2,7,147
2026-08-01,product-6,region-3,8,148
2026-08-02,product-7,region-4,9,149
2026-08-03,product-8,region-0,1,150
2026-08-04,product-9,region-1,2,151
2026-08-05,product-10,region-2,3,152
2026-08-06,product-11,region-3,4,153
2026-08-07,product-12,region-4,5,154
2026-08-08,product-13,region-0,6,155
2026-08-09,product-14,region-1,7,156
2026-08-10,product-15,region-2,8,157
2026-08-11,product-16,region-3,9,158
2026-08-12,product-0,region-4,1,159
2026-08-13,product-1,region-0,2,160
2026-08-14,product-2,region-1,3,161
2026-08-15,product-3,region-2,4,162
2026-08-16,product-4,region-3,5,163
2026-08-17,product-5,region-4,6,164
2026-08-18,product-6,region-0,7,165
2026-08-19,product-7,region-1,8,166
2026-08-20,product-8,region-2,9,167
2026-08-21,product-9,region-3,1,168
2026-08-22,product-10,region-4,2,169
2026-08-23,product-11,region-0,3,170
2026-08-24,product-12,region-1,4,171
2026-08-25,product-13,region-2,5,172
2026-08-26,product-14,region-3,6,173
2026-08-27,product-15,region-4,7,174
2026-08-28,product-16,region-0,8,175
2026-08-01,product-0,region-1,9,176
2026-08-02,product-1,region-2,1,177
2026-08-03,product-2,region-3,2,178
2026-08-04,product-3,region-4,3,179
2026-08-05,product-4,region-0,4,180
2026-08-06,product-5,region-1,5,181
2026-08-07,product-6,region-2,6,182
2026-08-08,product-7,region-3,7,183
2026-08-09,product-8,region-4,8,184
2026-08-10,product-9,region-0,9,185
2026-08-11,product-10,region-1,1,186
2026-08-12,product-11,region-2,2,187
2026-08-13,product-12,region-3,3,188
2026-08-14,product-13,region-4,4,189
2026-08-15,product-14,region-0,5,190
2026-08-16,product-15,region-1,6,191
2026-08-17,product-16,region-2,7,192
2026-08-18,product-0,region-3,8,193
2026-08-19,product-1,region-4,9,194
2026-08-20,product-2,region-0,1,195
2026-08-21,product-3,region-1,2,196
2026-08-22,product-4,region-2,3,197
2026-08-23,product-5,region-3,4,198
2026-08-24,product-6,region-4,5,199
2026-08-25,product-7,region-0,6,200
2026-08-26,product-8,region-1,7,201
2026-08-27,product-9,region-2,8,202
2026-08-28,product-10,region-3,9,203
2026-08-01,product-11,region-4,1,204
2026-08-02,product-12,region-0,2,205
2026-08-03,product-13,region-1,3,206
2026-08-04,product-14,region-2,4,207
2026-08-05,product-15,region-3,5,208
2026-08-06,product-16,region-4,6,209
2026-08-07,product-0,region-0,7,210
2026-08-08,product-1,region-1,8,211
2026-08-09,product-2,region-2,9,212
2026-08-10,product-3,region-3,1,213
2026-08-11,product-4,region-4,2,214
2026-08-12,product-5,region-0,3,215
2026-08-13,product-6,region-1,4,216
2026-08-14,product-7,region-2,5,217
2026-08-15,product-8,region-3,6,218
2026-08-16,product-9,region-4,7,219
2026-08-17,product-10,region-0,8,220
2026-08-18,product-11,region-1,9,221
2026-08-19,product-12,region-2,1,222
2026-08-20,product-13,region-3,2,223
2026-08-21,product-14,region-4,3,224
2026-08-22,product-15,region-0,4,225
2026-08-23,product-16,region-1,5,226
2026-08-24,product-0,region-2,6,227
2026-08-25,product-1,region-3,7,228
2026-08-26,product-2,region-4,8,229
2026-08-27,product-3,region-0,9,230
2026-08-28,product-4,region-1,1,231
2026-08-01,product-5,region-2,2,232
2026-08-02,product-6,region-3,3,233
2026-08-03,product-7,region-4,4,234
2026-08-04,product-8,region-0,5,235
2026-08-05,product-9,region-1,6,236
2026-08-06,product-10,region-2,7,237
2026-08-07,product-11,region-3,8,238
2026-08-08,product-12,region-4,9,239
2026-08-09,product-13,region-0,1,240
2026-08-10,product-14,region-1,2,241
2026-08-11,product-15,region-2,3,242
2026-08-12,product-16,region-3,4,243
2026-08-13,product-0,region-4,5,244
2026-08-14,product-1,region-0,6,245
2026-08-15,product-2,region-1,7,246
2026-08-16,product-3,region-2,8,247
2026-08-17,product-4,region-3,9,248
2026-08-18,product-5,region-4,1,249
2026-08-19,product-6,region-0,2,250
2026-08-20,product-7,region-1,3,251
2026-08-21,product-8,region-2,4,252
2026-08-22,product-9,region-3,5,253
2026-08-23,product-10,region-4,6,254
2026-08-24,product-11,region-0,7,255
2026-08-25,product-12,region-1,8,256
2026-08-26,product-13,region-2,9,257
2026-08-27,product-14,region-3,1,258
2026-08-28,product-15,region-4,2,259
2026-08-01,product-16,region-0,3,260
2026-08-02,product-0,region-1,4,261
2026-08-03,product-1,region-2,5,262
2026-08-04,product-2,region-3,6,263
2026-08-05,product-3,region-4,7,264
2026-08-06,product-4,region-0,8,265
2026-08-07,product-5,region-1,9,266
2026-08-08,product-6,region-2,1,267
2026-08-09,product-7,region-3,2,268
2026-08-10,product-8,region-4,3,269
2026-08-11,product-9,region-0,4,270
2026-08-12,product-10,region-1,5,271
2026-08-13,product-11,region-2,6,272
2026-08-14,product-12,region-3,7,273
2026-08-15,product-13,region-4,8,274
2026-08-16,product-14,region-0,9,275
2026-08-17,product-15,region-1,1,276
2026-08-18,product-16,region-2,2,277
2026-08-19,product-0,region-3,3,278
2026-08-20,product-1,region-4,4,279
2026-08-21,product-2,region-0,5,280
2026-08-22,product-3,region-1,6,281
2026-08-23,product-4,region-2,7,282
2026-08-24,product-5,region-3,8,283
2026-08-25,product-6,region-4,9,284
2026-08-26,product-7,region-0,1,285
2026-08-27,product-8,region-1,2,286
2026-08-28,product-9,region-2,3,287
2026-08-01,product-10,region-3,4,288
2026-08-02,product-11,region-4,5,289
2026-08-03,product-12,region-0,6,290
2026-08-04,product-13,region-1,7,291
2026-08-05,product-14,region-2,8,292
2026-08-06,product-15,region-3,9,293
2026-08-07,product-16,region-4,1,294
2026-08-08,product-0,region-0,2,295
2026-08-09,product-1,region-1,3,296
2026-08-10,product-2,region-2,4,297
2026-08-11,product-3,region-3,5,298
2026-08-12,product-4,region-4,6,299
2026-08-13,product-5,region-0,7,300
2026-08-14,product-6,region-1,8,301
2026-08-15,product-7,region-2,9,302
2026-08-16,product-8,region-3,1,303
2026-08-17,product-9,region-4,2,304
2026-08-18,product-10,region-0,3,305
2026-08-19,product-11,region-1,4,306
2026-08-20,product-12,region-2,5,307
2026-08-21,product-13,region-3,6,308
2026-08-22,product-14,region-4,7,309
2026-08-23,product-15,region-0,8,310
2026-08-24,product-16,region-1,9,311
2026-08-25,product-0,region-2,1,312
2026-08-26,product-1,region-3,2,313
2026-08-27,product-2,region-4,3,314
2026-08-28,product-3,region-0,4,315
2026-08-01,product-4,region-1,5,316
2026-08-02,product-5,region-2,6,317
2026-08-03,product-6,region-3,7,318
2026-08-04,product-7,region-4,8,319
2026-08-05,product-8,region-0,9,320
2026-08-06,product-9,region-1,1,321
2026-08-07,product-10,region-2,2,322
2026-08-08,product-11,region-3,3,323
2026-08-09,product-12,region-4,4,324
2026-08-10,product-13,region-0,5,325
2026-08-11,product-14,region-1,6,326
2026-08-12,product-15,region-2,7,327
2026-08-13,product-16,region-3,8,328
2026-08-14,product-0,region-4,9,329
2026-08-15,product-1,region-0,1,330
2026-08-16,product-2,region-1,2,331
2026-08-17,product-3,region-2,3,332
2026-08-18,product-4,region-3,4,333
2026-08-19,product-5,region-4,5,334
2026-08-20,product-6,region-0,6,335
2026-08-21,product-7,region-1,7,336
2026-08-22,product-8,region-2,8,337
2026-08-23,product-9,region-3,9,338
2026-08-24,product-10,region-4,1,339
2026-08-25,product-11,region-0,2,340
2026-08-26,product-12,region-1,3,341
2026-08-27,product-13,region-2,4,342
2026-08-28,product-14,region-3,5,343
2026-08-01,product-15,region-4,6,344
2026-08-02,product-16,region-0,7,345
2026-08-03,product-0,region-1,8,346
2026-08-04,product-1,region-2,9,347
2026-08-05,product-2,region-3,1,348
2026-08-06,product-3,region-4,2,349
2026-08-07,product-4,region-0,3,350
2026-08-08,product-5,region-1,4,351
2026-08-09,product-6,region-2,5,352
2026-08-10,product-7,region-3,6,353
2026-08-11,product-8,region-4,7,354
2026-08-12,product-9,region-0,8,355
2026-08-13,product-10,region-1,9,356
2026-08-14,product-11,region-2,1,357
2026-08-15,product-12,region-3,2,358
2026-08-16,product-13,region-4,3,359
2026-08-17,product-14,region-0,4,360
2026-08-18,product-15,region-1,5,361
2026-08-19,product-16,region-2,6,362
2026-08-20,product-0,region-3,7,363
2026-08-21,product-1,region-4,8,364
2026-08-22,product-2,region-0,9,365
2026-08-23,product-3,region-1,1,366
2026-08-24,product-4,region-2,2,367
2026-08-25,product-5,region-3,3,368
2026-08-26,product-6,region-4,4,369
2026-08-27,product-7,region-0,5,370
2026-08-28,product-8,region-1,6,371
2026-08-01,product-9,region-2,7,372
2026-08-02,product-10,region-3,8,373
2026-08-03,product-11,region-4,9,374
2026-08-04,product-12,region-0,1,375
2026-08-05,product-13,region-1,2,376
2026-08-06,product-14,region-2,3,377
2026-08-07,product-15,region-3,4,378
2026-08-08,product-16,region-4,5,379
2026-08-09,product-0,region-0,6,380
2026-08-10,product-1,region-1,7,381
2026-08-11,product-2,region-2,8,382
2026-08-12,product-3,region-3,9,383
2026-08-13,product-4,region-4,1,384
2026-08-14,product-5,region-0,2,385
2026-08-15,product-6,region-1,3,386
2026-08-16,product-7,region-2,4,387
2026-08-17,product-8,region-3,5,388
2026-08-18,product-9,region-4,6,389
2026-08-19,product-10,region-0,7,390
2026-08-20,product-11,region-1,8,391
2026-08-21,product-12,region-2,9,392
2026-08-22,product-13,region-3,1,393
2026-08-23,product-14,region-4,2,394
2026-08-24,product-15,region-0,3,395
2026-08-25,product-16,region-1,4,396
2026-08-26,product-0,region-2,5,397
2026-08-27,product-1,region-3,6,398
2026-08-28,product-2,region-4,7,399
2026-08-01,product-3,region-0,8,400
2026-08-02,product-4,region-1,9,401
2026-08-03,product-5,region-2,1,402
2026-08-04,product-6,region-3,2,403
2026-08-05,product-7,region-4,3,404
2026-08-06,product-8,region-0,4,405
2026-08-07,product-9,region-1,5,406
2026-08-08,product-10,region-2,6,407
2026-08-09,product-11,region-3,7,408
2026-08-10,product-12,region-4,8,409
2026-08-11,product-13,region-0,9,410
2026-08-12,product-14,region-1,1,411
2026-08-13,product-15,region-2,2,412
2026-08-14,product-16,region-3,3,413
2026-08-15,product-0,region-4,4,414
2026-08-16,product-1,region-0,5,415
2026-08-17,product-2,region-1,6,416
2026-08-18,product-3,region-2,7,417
2026-08-19,product-4,region-3,8,418
2026-08-20,product-5,region-4,9,419
2026-08-21,product-6,region-0,1,420
2026-08-22,product-7,region-1,2,421
2026-08-23,product-8,region-2,3,422
2026-08-24,product-9,region-3,4,423
2026-08-25,product-10,region-4,5,424
2026-08-26,product-11,region-0,6,425
2026-08-27,product-12,region-1,7,426
2026-08-28,product-13,region-2,8,427
2026-08-01,product-14,region-3,9,428
2026-08-02,product-15,region-4,1,429
2026-08-03,product-16,region-0,2,430
2026-08-04,product-0,region-1,3,431
2026-08-05,product-1,region-2,4,432
2026-08-06,product-2,region-3,5,433
2026-08-07,product-3,region-4,6,434
2026-08-08,product-4,region-0,7,435
2026-08-09,product-5,region-1,8,436
2026-08-10,product-6,region-2,9,437
2026-08-11,product-7,region-3,1,438
2026-08-12,product-8,region-4,2,439
2026-08-13,product-9,region-0,3,440
2026-08-14,product-10,region-1,4,441
2026-08-15,product-11,region-2,5,442
2026-08-16,product-12,region-3,6,443
2026-08-17,product-13,region-4,7,444
2026-08-18,product-14,region-0,8,445
2026-08-19,product-15,region-1,9,446
2026-08-20,product-16,region-2,1,447
2026-08-21,product-0,region-3,2,448
2026-08-22,product-1,region-4,3,449
2026-08-23,product-2,region-0,4,450
2026-08-24,product-3,region-1,5,451
2026-08-25,product-4,region-2,6,452
2026-08-26,product-5,region-3,7,453
2026-08-27,product-6,region-4,8,454
2026-08-28,product-7,region-0,9,455
2026-08-01,product-8,region-1,1,456
2026-08-02,product-9,region-2,2,457
2026-08-03,product-10,region-3,3,458
2026-08-04,product-11,region-4,4,459
2026-08-05,product-12,region-0,5,460
2026-08-06,product-13,region-1,6,461
2026-08-07,product-14,region-2,7,462
2026-08-08,product-15,region-3,8,463
2026-08-09,product-16,region-4,9,464
2026-08-10,product-0,region-0,1,465
2026-08-11,product-1,region-1,2,466
2026-08-12,product-2,region-2,3,467
2026-08-13,product-3,region-3,4,468
2026-08-14,product-4,region-4,5,469
2026-08-15,product-5,region-0,6,470
2026-08-16,product-6,region-1,7,471
2026-08-17,product-7,region-2,8,472
2026-08-18,product-8,region-3,9,473
2026-08-19,product-9,region-4,1,474
2026-08-20,product-10,region-0,2,475
2026-08-21,product-11,region-1,3,476
2026-08-22,product-12,region-2,4,477
2026-08-23,product-13,region-3,5,478
2026-08-24,product-14,region-4,6,479
2026-08-25,product-15,region-0,7,480
2026-08-26,product-16,region-1,8,481
2026-08-27,product-0,region-2,9,482
2026-08-28,product-1,region-3,1,483
2026-08-01,product-2,region-4,2,484
2026-08-02,product-3,region-0,3,485
2026-08-03,product-4,region-1,4,486
2026-08-04,product-5,region-2,5,487
2026-08-05,product-6,region-3,6,488
2026-08-06,product-7,region-4,7,489
2026-08-07,product-8,region-0,8,490
2026-08-08,product-9,region-1,9,491
2026-08-09,product-10,region-2,1,492
2026-08-10,product-11,region-3,2,493
2026-08-11,product-12,region-4,3,494
2026-08-12,product-13,region-0,4,495
2026-08-13,product-14,region-1,5,496
2026-08-14,product-15,region-2,6,497
2026-08-15,product-16,region-3,7,498
2026-08-16,product-0,region-4,8,499
2026-08-17,product-1,region-0,9,100
2026-08-18,product-2,region-1,1,101
2026-08-19,product-3,region-2,2,102
2026-08-20,product-4,region-3,3,103
2026-08-21,product-5,region-4,4,104
2026-08-22,product-6,region-0,5,105
2026-08-23,product-7,region-1,6,106
2026-08-24,product-8,region-2,7,107
2026-08-25,product-9,region-3,8,108
2026-08-26,product-10,region-4,9,109
2026-08-27,product-11,region-0,1,110
2026-08-28,product-12,region-1,2,111
2026-08-01,product-13,region-2,3,112
2026-08-02,product-14,region-3,4,113
2026-08-03,product-15,region-4,5,114
2026-08-04,product-16,region-0,6,115
2026-08-05,product-0,region-1,7,116
2026-08-06,product-1,region-2,8,117
2026-08-07,product-2,region-3,9,118
2026-08-08,product-3,region-4,1,119
2026-08-09,product-4,region-0,2,120
2026-08-10,product-5,region-1,3,121
2026-08-11,product-6,region-2,4,122
2026-08-12,product-7,region-3,5,123
2026-08-13,product-8,region-4,6,124
2026-08-14,product-9,region-0,7,125
2026-08-15,product-10,region-1,8,126
2026-08-16,product-11,region-2,9,127
2026-08-17,product-12,region-3,1,128
2026-08-18,product-13,region-4,2,129
2026-08-19,product-14,region-0,3,130
2026-08-20,product-15,region-1,4,131
2026-08-21,product-16,region-2,5,132
2026-08-22,product-0,region-3,6,133
2026-08-23,product-1,region-4,7,134
2026-08-24,product-2,region-0,8,135
2026-08-25,product-3,region-1,9,136
2026-08-26,product-4,region-2,1,137
2026-08-27,product-5,region-3,2,138
2026-08-28,product-6,region-4,3,139
2026-08-01,product-7,region-0,4,140
2026-08-02,product-8,region-1,5,141
2026-08-03,product-9,region-2,6,142
2026-08-04,product-10,region-3,7,143
2026-08-05,product-11,region-4,8,144
2026-08-06,product-12,region-0,9,145
2026-08-07,product-13,region-1,1,146
2026-08-08,product-14,region-2,2,147
2026-08-09,product-15,region-3,3,148
2026-08-10,product-16,region-4,4,149
2026-08-11,product-0,region-0,5,150
2026-08-12,product-1,region-1,6,151
2026-08-13,product-2,region-2,7,152
2026-08-14,product-3,region-3,8,153
2026-08-15,product-4,region-4,9,154
2026-08-16,product-5,region-0,1,155
2026-08-17,product-6,region-1,2,156
2026-08-18,product-7,region-2,3,157
2026-08-19,product-8,region-3,4,158
2026-08-20,product-9,region-4,5,159
2026-08-21,product-10,region-0,6,160
2026-08-22,product-11,region-1,7,161
2026-08-23,product-12,region-2,8,162
2026-08-24,product-13,region-3,9,163
2026-08-25,product-14,region-4,1,164
2026-08-26,product-15,region-0,2,165
2026-08-27,product-16,region-1,3,166
2026-08-28,product-0,region-2,4,167
2026-08-01,product-1,region-3,5,168
2026-08-02,product-2,region-4,6,169
2026-08-03,product-3,region-0,7,170
2026-08-04,product-4,region-1,8,171
2026-08-05,product-5,region-2,9,172
2026-08-06,product-6,region-3,1,173
2026-08-07,product-7,region-4,2,174
2026-08-08,product-8,region-0,3,175
2026-08-09,product-9,region-1,4,176
2026-08-10,product-10,region-2,5,177
2026-08-11,product-11,region-3,6,178
2026-08-12,product-12,region-4,7,179
2026-08-13,product-13,region-0,8,180
2026-08-14,product-14,region-1,9,181
2026-08-15,product-15,region-2,1,182
2026-08-16,product-16,region-3,2,183
2026-08-17,product-0,region-4,3,184
2026-08-18,product-1,region-0,4,185
2026-08-19,product-2,region-1,5,186
2026-08-20,product-3,region-2,6,187
2026-08-21,product-4,region-3,7,188
2026-08-22,product-5,region-4,8,189
2026-08-23,product-6,region-0,9,190
2026-08-24,product-7,region-1,1,191
2026-08-25,product-8,region-2,2,192
2026-08-26,product-9,region-3,3,193
2026-08-27,product-10,region-4,4,194
2026-08-28,product-11,region-0,5,195
2026-08-01,product-12,region-1,6,196
2026-08-02,product-13,region-2,7,197
2026-08-03,product-14,region-3,8,198
2026-08-04,product-15,region-4,9,199
2026-08-05,product-16,region-0,1,200
2026-08-06,product-0,region-1,2,201
2026-08-07,product-1,region-2,3,202
2026-08-08,product-2,region-3,4,203
2026-08-09,product-3,region-4,5,204
2026-08-10,product-4,region-0,6,205
2026-08-11,product-5,region-1,7,206
2026-08-12,product-6,region-2,8,207
2026-08-13,product-7,region-3,9,208
2026-08-14,product-8,region-4,1,209
2026-08-15,product-9,region-0,2,210
2026-08-16,product-10,region-1,3,211
2026-08-17,product-11,region-2,4,212
2026-08-18,product-12,region-3,5,213
2026-08-19,product-13,region-4,6,214
2026-08-20,product-14,region-0,7,215
2026-08-21,product-15,region-1,8,216
2026-08-22,product-16,region-2,9,217
2026-08-23,product-0,region-3,1,218
2026-08-24,product-1,region-4,2,219
2026-08-25,product-2,region-0,3,220
2026-08-26,product-3,region-1,4,221
2026-08-27,product-4,region-2,5,222
2026-08-28,product-5,region-3,6,223
2026-08-01,product-6,region-4,7,224
2026-08-02,product-7,region-0,8,225
2026-08-03,product-8,region-1,9,226
2026-08-04,product-9,region-2,1,227
2026-08-05,product-10,region-3,2,228
2026-08-06,product-11,region-4,3,229
2026-08-07,product-12,region-0,4,230
2026-08-08,product-13,region-1,5,231
2026-08-09,product-14,region-2,6,232
2026-08-10,product-15,region-3,7,233
2026-08-11,product-16,region-4,8,234
2026-08-12,product-0,region-0,9,235
2026-08-13,product-1,region-1,1,236
2026-08-14,product-2,region-2,2,237
2026-08-15,product-3,region-3,3,238
2026-08-16,product-4,region-4,4,239
2026-08-17,product-5,region-0,5,240
2026-08-18,product-6,region-1,6,241
2026-08-19,product-7,region-2,7,242
2026-08-20,product-8,region-3,8,243
2026-08-21,product-9,region-4,9,244
2026-08-22,product-10,region-0,1,245
2026-08-23,product-11,region-1,2,246
2026-08-24,product-12,region-2,3,247
2026-08-25,product-13,region-3,4,248
2026-08-26,product-14,region-4,5,249
2026-08-27,product-15,region-0,6,250
2026-08-28,product-16,region-1,7,251
2026-08-01,product-0,region-2,8,252
2026-08-02,product-1,region-3,9,253
2026-08-03,product-2,region-4,1,254
2026-08-04,product-3,region-0,2,255
2026-08-05,product-4,region-1,3,256
2026-08-06,product-5,region-2,4,257
2026-08-07,product-6,region-3,5,258
2026-08-08,product-7,region-4,6,259
2026-08-09,product-8,region-0,7,260
2026-08-10,product-9,region-1,8,261
2026-08-11,product-10,region-2,9,262
2026-08-12,product-11,region-3,1,263
2026-08-13,product-12,region-4,2,264
2026-08-14,product-13,region-0,3,265
2026-08-15,product-14,region-1,4,266
2026-08-16,product-15,region-2,5,267
2026-08-17,product-16,region-3,6,268
2026-08-18,product-0,region-4,7,269
2026-08-19,product-1,region-0,8,270
2026-08-20,product-2,region-1,9,271
2026-08-21,product-3,region-2,1,272
2026-08-22,product-4,region-3,2,273
2026-08-23,product-5,region-4,3,274
2026-08-24,product-6,region-0,4,275
2026-08-25,product-7,region-1,5,276
2026-08-26,product-8,region-2,6,277
2026-08-27,product-9,region-3,7,278
2026-08-28,product-10,region-4,8,279
2026-08-01,product-11,region-0,9,280
2026-08-02,product-12,region-1,1,281
2026-08-03,product-13,region-2,2,282
2026-08-04,product-14,region-3,3,283
2026-08-05,product-15,region-4,4,284
2026-08-06,product-16,region-0,5,285
2026-08-07,product-0,region-1,6,286
2026-08-08,product-1,region-2,7,287
2026-08-09,product-2,region-3,8,288
2026-08-10,product-3,region-4,9,289
2026-08-11,product-4,region-0,1,290
2026-08-12,product-5,region-1,2,291
2026-08-13,product-6,region-2,3,292
2026-08-14,product-7,region-3,4,293
2026-08-15,product-8,region-4,5,294
2026-08-16,product-9,region-0,6,295
2026-08-17,product-10,region-1,7,296
2026-08-18,product-11,region-2,8,297
2026-08-19,product-12,region-3,9,298
2026-08-20,product-13,region-4,1,299
2026-08-21,product-14,region-0,2,300
2026-08-22,product-15,region-1,3,301
2026-08-23,product-16,region-2,4,302
2026-08-24,product-0,region-3,5,303
2026-08-25,product-1,region-4,6,304
2026-08-26,product-2,region-0,7,305
2026-08-27,product-3,region-1,8,306
2026-08-28,product-4,region-2,9,307
2026-08-01,product-5,region-3,1,308
2026-08-02,product-6,region-4,2,309
2026-08-03,product-7,region-0,3,310
2026-08-04,product-8,region-1,4,311
2026-08-05,product-9,region-2,5,312
2026-08-06,product-10,region-3,6,313
2026-08-07,product-11,region-4,7,314
2026-08-08,product-12,region-0,8,315
2026-08-09,product-13,region-1,9,316
2026-08-10,product-14,region-2,1,317
2026-08-11,product-15,region-3,2,318
2026-08-12,product-16,region-4,3,319
2026-08-13,product-0,region-0,4,320
2026-08-14,product-1,region-1,5,321
2026-08-15,product-2,region-2,6,322
2026-08-16,product-3,region-3,7,323
2026-08-17,product-4,region-4,8,324
2026-08-18,product-5,region-0,9,325
2026-08-19,product-6,region-1,1,326
2026-08-20,product-7,region-2,2,327
2026-08-21,product-8,region-3,3,328
2026-08-22,product-9,region-4,4,329
2026-08-23,product-10,region-0,5,330
2026-08-24,product-11,region-1,6,331
2026-08-25,product-12,region-2,7,332
2026-08-26,product-13,region-3,8,333
2026-08-27,product-14,region-4,9,334
2026-08-28,product-15,region-0,1,335
2026-08-01,product-16,region-1,2,336
2026-08-02,product-0,region-2,3,337
2026-08-03,product-1,region-3,4,338
2026-08-04,product-2,region-4,5,339
2026-08-05,product-3,region-0,6,340
2026-08-06,product-4,region-1,7,341
2026-08-07,product-5,region-2,8,342
2026-08-08,product-6,region-3,9,343
2026-08-09,product-7,region-4,1,344
2026-08-10,product-8,region-0,2,345
2026-08-11,product-9,region-1,3,346
2026-08-12,product-10,region-2,4,347
2026-08-13,product-11,region-3,5,348
2026-08-14,product-12,region-4,6,349
2026-08-15,product-13,region-0,7,350
2026-08-16,product-14,region-1,8,351
2026-08-17,product-15,region-2,9,352
2026-08-18,product-16,region-3,1,353
2026-08-19,product-0,region-4,2,354
2026-08-20,product-1,region-0,3,355
2026-08-21,product-2,region-1,4,356
2026-08-22,product-3,region-2,5,357
2026-08-23,product-4,region-3,6,358
2026-08-24,product-5,region-4,7,359
2026-08-25,product-6,region-0,8,360
2026-08-26,product-7,region-1,9,361
2026-08-27,product-8,region-2,1,362
2026-08-28,product-9,region-3,2,363
2026-08-01,product-10,region-4,3,364
2026-08-02,product-11,region-0,4,365
2026-08-03,product-12,region-1,5,366
2026-08-04,product-13,region-2,6,367
2026-08-05,product-14,region-3,7,368
2026-08-06,product-15,region-4,8,369
2026-08-07,product-16,region-0,9,370
2026-08-08,product-0,region-1,1,371
2026-08-09,product-1,region-2,2,372
2026-08-10,product-2,region-3,3,373
2026-08-11,product-3,region-4,4,374
2026-08-12,product-4,region-0,5,375
2026-08-13,product-5,region-1,6,376
2026-08-14,product-6,region-2,7,377
2026-08-15,product-7,region-3,8,378
2026-08-16,product-8,region-4,9,379
2026-08-17,product-9,region-0,1,380
2026-08-18,product-10,region-1,2,381
2026-08-19,product-11,region-2,3,382
2026-08-20,product-12,region-3,4,383
2026-08-21,product-13,region-4,5,384
2026-08-22,product-14,region-0,6,385
2026-08-23,product-15,region-1,7,386
2026-08-24,product-16,region-2,8,387
2026-08-25,product-0,region-3,9,388
2026-08-26,product-1,region-4,1,389
2026-08-27,product-2,region-0,2,390
2026-08-28,product-3,region-1,3,391
2026-08-01,product-4,region-2,4,392
2026-08-02,product-5,region-3,5,393
2026-08-03,product-6,region-4,6,394
2026-08-04,product-7,region-0,7,395
2026-08-05,product-8,region-1,8,396
2026-08-06,product-9,region-2,9,397
2026-08-07,product-10,region-3,1,398
2026-08-08,product-11,region-4,2,399
2026-08-09,product-12,region-0,3,400
2026-08-10,product-13,region-1,4,401
2026-08-11,product-14,region-2,5,402
2026-08-12,product-15,region-3,6,403
2026-08-13,product-16,region-4,7,404
2026-08-14,product-0,region-0,8,405
2026-08-15,product-1,region-1,9,406
2026-08-16,product-2,region-2,1,407
2026-08-17,product-3,region-3,2,408
2026-08-18,product-4,region-4,3,409
2026-08-19,product-5,region-0,4,410
2026-08-20,product-6,region-1,5,411
2026-08-21,product-7,region-2,6,412
2026-08-22,product-8,region-3,7,413
2026-08-23,product-9,region-4,8,414
2026-08-24,product-10,region-0,9,415
2026-08-25,product-11,region-1,1,416
2026-08-26,product-12,region-2,2,417
2026-08-27,product-13,region-3,3,418
2026-08-28,product-14,region-4,4,419
2026-08-01,product-15,region-0,5,420
2026-08-02,product-16,region-1,6,421
2026-08-03,product-0,region-2,7,422
2026-08-04,product-1,region-3,8,423
2026-08-05,product-2,region-4,9,424
2026-08-06,product-3,region-0,1,425
2026-08-07,product-4,region-1,2,426
2026-08-08,product-5,region-2,3,427
2026-08-09,product-6,region-3,4,428
2026-08-10,product-7,region-4,5,429
2026-08-11,product-8,region-0,6,430
2026-08-12,product-9,region-1,7,431
2026-08-13,product-10,region-2,8,432
2026-08-14,product-11,region-3,9,433
2026-08-15,product-12,region-4,1,434
2026-08-16,product-13,region-0,2,435
2026-08-17,product-14,region-1,3,436
2026-08-18,product-15,region-2,4,437
2026-08-19,product-16,region-3,5,438
2026-08-20,product-0,region-4,6,439
2026-08-21,product-1,region-0,7,440
2026-08-22,product-2,region-1,8,441
2026-08-23,product-3,region-2,9,442
2026-08-24,product-4,region-3,1,443
2026-08-25,product-5,region-4,2,444
2026-08-26,product-6,region-0,3,445
2026-08-27,product-7,region-1,4,446
2026-08-28,product-8,region-2,5,447
2026-08-01,product-9,region-3,6,448
2026-08-02,product-10,region-4,7,449
2026-08-03,product-11,region-0,8,450
2026-08-04,product-12,region-1,9,451
2026-08-05,product-13,region-2,1,452
2026-08-06,product-14,region-3,2,453
2026-08-07,product-15,region-4,3,454
2026-08-08,product-16,region-0,4,455
2026-08-09,product-0,region-1,5,456
2026-08-10,product-1,region-2,6,457
2026-08-11,product-2,region-3,7,458
2026-08-12,product-3,region-4,8,459
2026-08-13,product-4,region-0,9,460
2026-08-14,product-5,region-1,1,461
2026-08-15,product-6,region-2,2,462
2026-08-16,product-7,region-3,3,463
2026-08-17,product-8,region-4,4,464
2026-08-18,product-9,region-0,5,465
2026-08-19,product-10,region-1,6,466
2026-08-20,product-11,region-2,7,467
2026-08-21,product-12,region-3,8,468
2026-08-22,product-13,region-4,9,469
2026-08-23,product-14,region-0,1,470
2026-08-24,product-15,region-1,2,471
2026-08-25,product-16,region-2,3,472
2026-08-26,product-0,region-3,4,473
2026-08-27,product-1,region-4,5,474
2026-08-28,product-2,region-0,6,475
2026-08-01,product-3,region-1,7,476
2026-08-02,product-4,region-2,8,477
2026-08-03,product-5,region-3,9,478
2026-08-04,product-6,region-4,1,479
2026-08-05,product-7,region-0,2,480
2026-08-06,product-8,region-1,3,481
2026-08-07,product-9,region-2,4,482
2026-08-08,product-10,region-3,5,483
2026-08-09,product-11,region-4,6,484
2026-08-10,product-12,region-0,7,485
2026-08-11,product-13,region-1,8,486
2026-08-12,product-14,region-2,9,487
2026-08-13,product-15,region-3,1,488
2026-08-14,product-16,region-4,2,489
2026-08-15,product-0,region-0,3,490
2026-08-16,product-1,region-1,4,491
2026-08-17,product-2,region-2,5,492
2026-08-18,product-3,region-3,6,493
2026-08-19,product-4,region-4,7,494
2026-08-20,product-5,region-0,8,495
2026-08-21,product-6,region-1,9,496
2026-08-22,product-7,region-2,1,497
2026-08-23,product-8,region-3,2,498
2026-08-24,product-9,region-4,3,499
2026-08-25,product-10,region-0,4,100
2026-08-26,product-11,region-1,5,101
2026-08-27,product-12,region-2,6,102
2026-08-28,product-13,region-3,7,103
2026-08-01,product-14,region-4,8,104
2026-08-02,product-15,region-0,9,105
2026-08-03,product-16,region-1,1,106
2026-08-04,product-0,region-2,2,107
2026-08-05,product-1,region-3,3,108
2026-08-06,product-2,region-4,4,109
2026-08-07,product-3,region-0,5,110
2026-08-08,product-4,region-1,6,111
2026-08-09,product-5,region-2,7,112
2026-08-10,product-6,region-3,8,113
2026-08-11,product-7,region-4,9,114
2026-08-12,product-8,region-0,1,115
2026-08-13,product-9,region-1,2,116
2026-08-14,product-10,region-2,3,117
2026-08-15,product-11,region-3,4,118
2026-08-16,product-12,region-4,5,119
2026-08-17,product-13,region-0,6,120
2026-08-18,product-14,region-1,7,121
2026-08-19,product-15,region-2,8,122
2026-08-20,product-16,region-3,9,123
2026-08-21,product-0,region-4,1,124
2026-08-22,product-1,region-0,2,125
2026-08-23,product-2,region-1,3,126
2026-08-24,product-3,region-2,4,127
2026-08-25,product-4,region-3,5,128
2026-08-26,product-5,region-4,6,129
2026-08-27,product-6,region-0,7,130
2026-08-28,product-7,region-1,8,131
2026-08-01,product-8,region-2,9,132
2026-08-02,product-9,region-3,1,133
2026-08-03,product-10,region-4,2,134
2026-08-04,product-11,region-0,3,135
2026-08-05,product-12,region-1,4,136
2026-08-06,product-13,region-2,5,137
2026-08-07,product-14,region-3,6,138
2026-08-08,product-15,region-4,7,139
2026-08-09,product-16,region-0,8,140
2026-08-10,product-0,region-1,9,141
2026-08-11,product-1,region-2,1,142
2026-08-12,product-2,region-3,2,143
2026-08-13,product-3,region-4,3,144
2026-08-14,product-4,region-0,4,145
2026-08-15,product-5,region-1,5,146
2026-08-16,product-6,region-2,6,147
2026-08-17,product-7,region-3,7,148
2026-08-18,product-8,region-4,8,149
2026-08-19,product-9,region-0,9,150
2026-08-20,product-10,region-1,1,151
2026-08-21,product-11,region-2,2,152
2026-08-22,product-12,region-3,3,153
2026-08-23,product-13,region-4,4,154
2026-08-24,product-14,region-0,5,155
2026-08-25,product-15,region-1,6,156
2026-08-26,product-16,region-2,7,157
2026-08-27,product-0,region-3,8,158
2026-08-28,product-1,region-4,9,159
2026-08-01,product-2,region-0,1,160
2026-08-02,product-3,region-1,2,161
2026-08-03,product-4,region-2,3,162
2026-08-04,product-5,region-3,4,163
2026-08-05,product-6,region-4,5,164
2026-08-06,product-7,region-0,6,165
2026-08-07,product-8,region-1,7,166
2026-08-08,product-9,region-2,8,167
2026-08-09,product-10,region-3,9,168
2026-08-10,product-11,region-4,1,169
2026-08-11,product-12,region-0,2,170
2026-08-12,product-13,region-1,3,171
2026-08-13,product-14,region-2,4,172
2026-08-14,product-15,region-3,5,173
2026-08-15,product-16,region-4,6,174
2026-08-16,product-0,region-0,7,175
2026-08-17,product-1,region-1,8,176
2026-08-18,product-2,region-2,9,177
2026-08-19,product-3,region-3,1,178
2026-08-20,product-4,region-4,2,179
2026-08-21,product-5,region-0,3,180
2026-08-22,product-6,region-1,4,181
2026-08-23,product-7,region-2,5,182
2026-08-24,product-8,region-3,6,183
2026-08-25,product-9,region-4,7,184
2026-08-26,product-10,region-0,8,185
2026-08-27,product-11,region-1,9,186
2026-08-28,product-12,region-2,1,187
2026-08-01,product-13,region-3,2,188
2026-08-02,product-14,region-4,3,189
2026-08-03,product-15,region-0,4,190
2026-08-04,product-16,region-1,5,191
2026-08-05,product-0,region-2,6,192
2026-08-06,product-1,region-3,7,193
2026-08-07,product-2,region-4,8,194
2026-08-08,product-3,region-0,9,195
2026-08-09,product-4,region-1,1,196
2026-08-10,product-5,region-2,2,197
2026-08-11,product-6,region-3,3,198
2026-08-12,product-7,region-4,4,199
2026-08-13,product-8,region-0,5,200
2026-08-14,product-9,region-1,6,201
2026-08-15,product-10,region-2,7,202
2026-08-16,product-11,region-3,8,203
2026-08-17,product-12,region-4,9,204
2026-08-18,product-13,region-0,1,205
2026-08-19,product-14,region-1,2,206
2026-08-20,product-15,region-2,3,207
2026-08-21,product-16,region-3,4,208
2026-08-22,product-0,region-4,5,209
2026-08-23,product-1,region-0,6,210
2026-08-24,product-2,region-1,7,211
2026-08-25,product-3,region-2,8,212
2026-08-26,product-4,region-3,9,213
2026-08-27,product-5,region-4,1,214
2026-08-28,product-6,region-0,2,215
2026-08-01,product-7,region-1,3,216
2026-08-02,product-8,region-2,4,217
2026-08-03,product-9,region-3,5,218
2026-08-04,product-10,region-4,6,219
2026-08-05,product-11,region-0,7,220
2026-08-06,product-12,region-1,8,221
2026-08-07,product-13,region-2,9,222
2026-08-08,product-14,region-3,1,223
2026-08-09,product-15,region-4,2,224
2026-08-10,product-16,region-0,3,225
2026-08-11,product-0,region-1,4,226
2026-08-12,product-1,region-2,5,227
2026-08-13,product-2,region-3,6,228
2026-08-14,product-3,region-4,7,229
2026-08-15,product-4,region-0,8,230
2026-08-16,product-5,region-1,9,231
2026-08-17,product-6,region-2,1,232
2026-08-18,product-7,region-3,2,233
2026-08-19,product-8,region-4,3,234
2026-08-20,product-9,region-0,4,235
2026-08-21,product-10,region-1,5,236
2026-08-22,product-11,region-2,6,237
2026-08-23,product-12,region-3,7,238
2026-08-24,product-13,region-4,8,239
2026-08-25,product-14,region-0,9,240
2026-08-26,product-15,region-1,1,241
2026-08-27,product-16,region-2,2,242
2026-08-28,product-0,region-3,3,243
2026-08-01,product-1,region-4,4,244
2026-08-02,product-2,region-0,5,245
2026-08-03,product-3,region-1,6,246
2026-08-04,product-4,region-2,7,247
2026-08-05,product-5,region-3,8,248
2026-08-06,product-6,region-4,9,249
2026-08-07,product-7,region-0,1,250
2026-08-08,product-8,region-1,2,251
2026-08-09,product-9,region-2,3,252
2026-08-10,product-10,region-3,4,253
2026-08-11,product-11,region-4,5,254
2026-08-12,product-12,region-0,6,255
2026-08-13,product-13,region-1,7,256
2026-08-14,product-14,region-2,8,257
2026-08-15,product-15,region-3,9,258
2026-08-16,product-16,region-4,1,259
2026-08-17,product-0,region-0,2,260
2026-08-18,product-1,region-1,3,261
2026-08-19,product-2,region-2,4,262
2026-08-20,product-3,region-3,5,263
2026-08-21,product-4,region-4,6,264
2026-08-22,product-5,region-0,7,265
2026-08-23,product-6,region-1,8,266
2026-08-24,product-7,region-2,9,267
2026-08-25,product-8,region-3,1,268
2026-08-26,product-9,region-4,2,269
2026-08-27,product-10,region-0,3,270
2026-08-28,product-11,region-1,4,271
2026-08-01,product-12,region-2,5,272
2026-08-02,product-13,region-3,6,273
2026-08-03,product-14,region-4,7,274
2026-08-04,product-15,region-0,8,275
2026-08-05,product-16,region-1,9,276
2026-08-06,product-0,region-2,1,277
2026-08-07,product-1,region-3,2,278
2026-08-08,product-2,region-4,3,279
2026-08-09,product-3,region-0,4,280
2026-08-10,product-4,region-1,5,281
2026-08-11,product-5,region-2,6,282
2026-08-12,product-6,region-3,7,283
2026-08-13,product-7,region-4,8,284
2026-08-14,product-8,region-0,9,285
2026-08-15,product-9,region-1,1,286
2026-08-16,product-10,region-2,2,287
2026-08-17,product-11,region-3,3,288
2026-08-18,product-12,region-4,4,289
2026-08-19,product-13,region-0,5,290
2026-08-20,product-14,region-1,6,291
2026-08-21,product-15,region-2,7,292
2026-08-22,product-16,region-3,8,293
2026-08-23,product-0,region-4,9,294
2026-08-24,product-1,region-0,1,295
2026-08-25,product-2,region-1,2,296
2026-08-26,product-3,region-2,3,297
2026-08-27,product-4,region-3,4,298
2026-08-28,product-5,region-4,5,299
2026-08-01,product-6,region-0,6,300
2026-08-02,product-7,region-1,7,301
2026-08-03,product-8,region-2,8,302
2026-08-04,product-9,region-3,9,303
2026-08-05,product-10,region-4,1,304
2026-08-06,product-11,region-0,2,305
2026-08-07,product-12,region-1,3,306
2026-08-08,product-13,region-2,4,307
2026-08-09,product-14,region-3,5,308
2026-08-10,product-15,region-4,6,309
2026-08-11,product-16,region-0,7,310
2026-08-12,product-0,region-1,8,311
2026-08-13,product-1,region-2,9,312
2026-08-14,product-2,region-3,1,313
2026-08-15,product-3,region-4,2,314
2026-08-16,product-4,region-0,3,315
2026-08-17,product-5,region-1,4,316
2026-08-18,product-6,region-2,5,317
2026-08-19,product-7,region-3,6,318
2026-08-20,product-8,region-4,7,319
2026-08-21,product-9,region-0,8,320
2026-08-22,product-10,region-1,9,321
2026-08-23,product-11,region-2,1,322
2026-08-24,product-12,region-3,2,323
2026-08-25,product-13,region-4,3,324
2026-08-26,product-14,region-0,4,325
2026-08-27,product-15,region-1,5,326
2026-08-28,product-16,region-2,6,327
2026-08-01,product-0,region-3,7,328
2026-08-02,product-1,region-4,8,329
2026-08-03,product-2,region-0,9,330
2026-08-04,product-3,region-1,1,331
2026-08-05,product-4,region-2,2,332
2026-08-06,product-5,region-3,3,333
2026-08-07,product-6,region-4,4,334
2026-08-08,product-7,region-0,5,335
2026-08-09,product-8,region-1,6,336
2026-08-10,product-9,region-2,7,337
2026-08-11,product-10,region-3,8,338
2026-08-12,product-11,region-4,9,339
2026-08-13,product-12,region-0,1,340
2026-08-14,product-13,region-1,2,341
2026-08-15,product-14,region-2,3,342
2026-08-16,product-15,region-3,4,343
2026-08-17,product-16,region-4,5,344
2026-08-18,product-0,region-0,6,345
2026-08-19,product-1,region-1,7,346
2026-08-20,product-2,region-2,8,347
2026-08-21,product-3,region-3,9,348
2026-08-22,product-4,region-4,1,349
2026-08-23,product-5,region-0,2,350
2026-08-24,product-6,region-1,3,351
2026-08-25,product-7,region-2,4,352
2026-08-26,product-8,region-3,5,353
2026-08-27,product-9,region-4,6,354
2026-08-28,product-10,region-0,7,355
2026-08-01,product-11,region-1,8,356
2026-08-02,product-12,region-2,9,357
2026-08-03,product-13,region-3,1,358
2026-08-04,product-14,region-4,2,359
2026-08-05,product-15,region-0,3,360
2026-08-06,product-16,region-1,4,361
2026-08-07,product-0,region-2,5,362
2026-08-08,product-1,region-3,6,363
2026-08-09,product-2,region-4,7,364
2026-08-10,product-3,region-0,8,365
2026-08-11,product-4,region-1,9,366
2026-08-12,product-5,region-2,1,367
2026-08-13,product-6,region-3,2,368
2026-08-14,product-7,region-4,3,369
2026-08-15,product-8,region-0,4,370
2026-08-16,product-9,region-1,5,371
2026-08-17,product-10,region-2,6,372
2026-08-18,product-11,region-3,7,373
2026-08-19,product-12,region-4,8,374
2026-08-20,product-13,region-0,9,375
2026-08-21,product-14,region-1,1,376
2026-08-22,product-15,region-2,2,377
2026-08-23,product-16,region-3,3,378
2026-08-24,product-0,region-4,4,379
2026-08-25,product-1,region-0,5,380
2026-08-26,product-2,region-1,6,381
2026-08-27,product-3,region-2,7,382
2026-08-28,product-4,region-3,8,383
2026-08-01,product-5,region-4,9,384
2026-08-02,product-6,region-0,1,385
2026-08-03,product-7,region-1,2,386
2026-08-04,product-8,region-2,3,387
2026-08-05,product-9,region-3,4,388
2026-08-06,product-10,region-4,5,389
2026-08-07,product-11,region-0,6,390
2026-08-08,product-12,region-1,7,391
2026-08-09,product-13,region-2,8,392
2026-08-10,product-14,region-3,9,393
2026-08-11,product-15,region-4,1,394
2026-08-12,product-16,region-0,2,395
2026-08-13,product-0,region-1,3,396
2026-08-14,product-1,region-2,4,397
2026-08-15,product-2,region-3,5,398
2026-08-16,product-3,region-4,6,399
2026-08-17,product-4,region-0,7,400
2026-08-18,product-5,region-1,8,401
2026-08-19,product-6,region-2,9,402
2026-08-20,product-7,region-3,1,403
2026-08-21,product-8,region-4,2,404
2026-08-22,product-9,region-0,3,405
2026-08-23,product-10,region-1,4,406
2026-08-24,product-11,region-2,5,407
2026-08-25,product-12,region-3,6,408
2026-08-26,product-13,region-4,7,409
2026-08-27,product-14,region-0,8,410
2026-08-28,product-15,region-1,9,411
2026-08-01,product-16,region-2,1,412
2026-08-02,product-0,region-3,2,413
2026-08-03,product-1,region-4,3,414
2026-08-04,product-2,region-0,4,415
2026-08-05,product-3,region-1,5,416
2026-08-06,product-4,region-2,6,417
2026-08-07,product-5,region-3,7,418
2026-08-08,product-6,region-4,8,419
2026-08-09,product-7,region-0,9,420
2026-08-10,product-8,region-1,1,421
2026-08-11,product-9,region-2,2,422
2026-08-12,product-10,region-3,3,423
2026-08-13,product-11,region-4,4,424
2026-08-14,product-12,region-0,5,425
2026-08-15,product-13,region-1,6,426
2026-08-16,product-14,region-2,7,427
2026-08-17,product-15,region-3,8,428
2026-08-18,product-16,region-4,9,429
2026-08-19,product-0,region-0,1,430
2026-08-20,product-1,region-1,2,431
2026-08-21,product-2,region-2,3,432
2026-08-22,product-3,region-3,4,433
2026-08-23,product-4,region-4,5,434
2026-08-24,product-5,region-0,6,435
2026-08-25,product-6,region-1,7,436
2026-08-26,product-7,region-2,8,437
2026-08-27,product-8,region-3,9,438
2026-08-28,product-9,region-4,1,439
2026-08-01,product-10,region-0,2,440
2026-08-02,product-11,region-1,3,441
2026-08-03,product-12,region-2,4,442
2026-08-04,product-13,region-3,5,443
2026-08-05,product-14,region-4,6,444
2026-08-06,product-15,region-0,7,445
2026-08-07,product-16,region-1,8,446
2026-08-08,product-0,region-2,9,447
2026-08-09,product-1,region-3,1,448
2026-08-10,product-2,region-4,2,449
2026-08-11,product-3,region-0,3,450
2026-08-12,product-4,region-1,4,451
2026-08-13,product-5,region-2,5,452
2026-08-14,product-6,region-3,6,453
2026-08-15,product-7,region-4,7,454
2026-08-16,product-8,region-0,8,455
2026-08-17,product-9,region-1,9,456
2026-08-18,product-10,region-2,1,457
2026-08-19,product-11,region-3,2,458
2026-08-20,product-12,region-4,3,459
2026-08-21,product-13,region-0,4,460
2026-08-22,product-14,region-1,5,461
2026-08-23,product-15,region-2,6,462
2026-08-24,product-16,region-3,7,463
2026-08-25,product-0,region-4,8,464
2026-08-26,product-1,region-0,9,465
2026-08-27,product-2,region-1,1,466
2026-08-28,product-3,region-2,2,467
2026-08-01,product-4,region-3,3,468
2026-08-02,product-5,region-4,4,469
2026-08-03,product-6,region-0,5,470
2026-08-04,product-7,region-1,6,471
2026-08-05,product-8,region-2,7,472
2026-08-06,product-9,region-3,8,473
2026-08-07,product-10,region-4,9,474
2026-08-08,product-11,region-0,1,475
2026-08-09,product-12,region-1,2,476
2026-08-10,product-13,region-2,3,477
2026-08-11,product-14,region-3,4,478
2026-08-12,product-15,region-4,5,479
2026-08-13,product-16,region-0,6,480
2026-08-14,product-0,region-1,7,481
2026-08-15,product-1,region-2,8,482
2026-08-16,product-2,region-3,9,483
2026-08-17,product-3,region-4,1,484
2026-08-18,product-4,region-0,2,485
2026-08-19,product-5,region-1,3,486
2026-08-20,product-6,region-2,4,487
2026-08-21,product-7,region-3,5,488
2026-08-22,product-8,region-4,6,489
2026-08-23,product-9,region-0,7,490
2026-08-24,product-10,region-1,8,491
2026-08-25,product-11,region-2,9,492
2026-08-26,product-12,region-3,1,493
2026-08-27,product-13,region-4,2,494
2026-08-28,product-14,region-0,3,495
2026-08-01,product-15,region-1,4,496
2026-08-02,product-16,region-2,5,497
2026-08-03,product-0,region-3,6,498
2026-08-04,product-1,region-4,7,499
2026-08-05,product-2,region-0,8,100
2026-08-06,product-3,region-1,9,101
2026-08-07,product-4,region-2,1,102
2026-08-08,product-5,region-3,2,103
2026-08-09,product-6,region-4,3,104
2026-08-10,product-7,region-0,4,105
2026-08-11,product-8,region-1,5,106
2026-08-12,product-9,region-2,6,107
2026-08-13,product-10,region-3,7,108
2026-08-14,product-11,region-4,8,109
2026-08-15,product-12,region-0,9,110
2026-08-16,product-13,region-1,1,111
2026-08-17,product-14,region-2,2,112
2026-08-18,product-15,region-3,3,113
2026-08-19,product-16,region-4,4,114
2026-08-20,product-0,region-0,5,115
2026-08-21,product-1,region-1,6,116
2026-08-22,product-2,region-2,7,117
2026-08-23,product-3,region-3,8,118
2026-08-24,product-4,region-4,9,119
2026-08-25,product-5,region-0,1,120
2026-08-26,product-6,region-1,2,121
2026-08-27,product-7,region-2,3,122
2026-08-28,product-8,region-3,4,123
2026-08-01,product-9,region-4,5,124
2026-08-02,product-10,region-0,6,125
2026-08-03,product-11,region-1,7,126
2026-08-04,product-12,region-2,8,127
2026-08-05,product-13,region-3,9,128
2026-08-06,product-14,region-4,1,129
2026-08-07,product-15,region-0,2,130
2026-08-08,product-16,region-1,3,131
2026-08-09,product-0,region-2,4,132
2026-08-10,product-1,region-3,5,133
2026-08-11,product-2,region-4,6,134
2026-08-12,product-3,region-0,7,135
2026-08-13,product-4,region-1,8,136
2026-08-14,product-5,region-2,9,137
2026-08-15,product-6,region-3,1,138
2026-08-16,product-7,region-4,2,139
2026-08-17,product-8,region-0,3,140
2026-08-18,product-9,region-1,4,141
2026-08-19,product-10,region-2,5,142
2026-08-20,product-11,region-3,6,143
2026-08-21,product-12,region-4,7,144
2026-08-22,product-13,region-0,8,145
2026-08-23,product-14,region-1,9,146
2026-08-24,product-15,region-2,1,147
2026-08-25,product-16,region-3,2,148
2026-08-26,product-0,region-4,3,149
2026-08-27,product-1,region-0,4,150
2026-08-28,product-2,region-1,5,151
2026-08-01,product-3,region-2,6,152
2026-08-02,product-4,region-3,7,153
2026-08-03,product-5,region-4,8,154
2026-08-04,product-6,region-0,9,155
2026-08-05,product-7,region-1,1,156
2026-08-06,product-8,region-2,2,157
2026-08-07,product-9,region-3,3,158
2026-08-08,product-10,region-4,4,159
2026-08-09,product-11,region-0,5,160
2026-08-10,product-12,region-1,6,161
2026-08-11,product-13,region-2,7,162
2026-08-12,product-14,region-3,8,163
2026-08-13,product-15,region-4,9,164
2026-08-14,product-16,region-0,1,165
2026-08-15,product-0,region-1,2,166
2026-08-16,product-1,region-2,3,167
2026-08-17,product-2,region-3,4,168
2026-08-18,product-3,region-4,5,169
2026-08-19,product-4,region-0,6,170
2026-08-20,product-5,region-1,7,171
2026-08-21,product-6,region-2,8,172
2026-08-22,product-7,region-3,9,173
2026-08-23,product-8,region-4,1,174
2026-08-24,product-9,region-0,2,175
2026-08-25,product-10,region-1,3,176
2026-08-26,product-11,region-2,4,177
2026-08-27,product-12,region-3,5,178
2026-08-28,product-13,region-4,6,179
2026-08-01,product-14,region-0,7,180
2026-08-02,product-15,region-1,8,181
2026-08-03,product-16,region-2,9,182
2026-08-04,product-0,region-3,1,183
2026-08-05,product-1,region-4,2,184
2026-08-06,product-2,region-0,3,185
2026-08-07,product-3,region-1,4,186
2026-08-08,product-4,region-2,5,187
2026-08-09,product-5,region-3,6,188
2026-08-10,product-6,region-4,7,189
2026-08-11,product-7,region-0,8,190
2026-08-12,product-8,region-1,9,191
2026-08-13,product-9,region-2,1,192
2026-08-14,product-10,region-3,2,193
2026-08-15,product-11,region-4,3,194
2026-08-16,product-12,region-0,4,195
2026-08-17,product-13,region-1,5,196
2026-08-18,product-14,region-2,6,197
2026-08-19,product-15,region-3,7,198
2026-08-20,product-16,region-4,8,199
2026-08-21,product-0,region-0,9,200
2026-08-22,product-1,region-1,1,201
2026-08-23,product-2,region-2,2,202
2026-08-24,product-3,region-3,3,203
2026-08-25,product-4,region-4,4,204
2026-08-26,product-5,region-0,5,205
2026-08-27,product-6,region-1,6,206
2026-08-28,product-7,region-2,7,207
2026-08-01,product-8,region-3,8,208
2026-08-02,product-9,region-4,9,209
2026-08-03,product-10,region-0,1,210
2026-08-04,product-11,region-1,2,211
2026-08-05,product-12,region-2,3,212
2026-08-06,product-13,region-3,4,213
2026-08-07,product-14,region-4,5,214
2026-08-08,product-15,region-0,6,215
2026-08-09,product-16,region-1,7,216
2026-08-10,product-0,region-2,8,217
2026-08-11,product-1,region-3,9,218
2026-08-12,product-2,region-4,1,219
2026-08-13,product-3,region-0,2,220
2026-08-14,product-4,region-1,3,221
2026-08-15,product-5,region-2,4,222
2026-08-16,product-6,region-3,5,223
2026-08-17,product-7,region-4,6,224
2026-08-18,product-8,region-0,7,225
2026-08-19,product-9,region-1,8,226
2026-08-20,product-10,region-2,9,227
2026-08-21,product-11,region-3,1,228
2026-08-22,product-12,region-4,2,229
2026-08-23,product-13,region-0,3,230
2026-08-24,product-14,region-1,4,231
2026-08-25,product-15,region-2,5,232
2026-08-26,product-16,region-3,6,233
2026-08-27,product-0,region-4,7,234
2026-08-28,product-1,region-0,8,235
2026-08-01,product-2,region-1,9,236
2026-08-02,product-3,region-2,1,237
2026-08-03,product-4,region-3,2,238
2026-08-04,product-5,region-4,3,239
2026-08-05,product-6,region-0,4,240
2026-08-06,product-7,region-1,5,241
2026-08-07,product-8,region-2,6,242
2026-08-08,product-9,region-3,7,243
2026-08-09,product-10,region-4,8,244
2026-08-10,product-11,region-0,9,245
2026-08-11,product-12,region-1,1,246
2026-08-12,product-13,region-2,2,247
2026-08-13,product-14,region-3,3,248
2026-08-14,product-15,region-4,4,249
2026-08-15,product-16,region-0,5,250
2026-08-16,product-0,region-1,6,251
2026-08-17,product-1,region-2,7,252
2026-08-18,product-2,region-3,8,253
2026-08-19,product-3,region-4,9,254
2026-08-20,product-4,region-0,1,255
2026-08-21,product-5,region-1,2,256
2026-08-22,product-6,region-2,3,257
2026-08-23,product-7,region-3,4,258
2026-08-24,product-8,region-4,5,259
2026-08-25,product-9,region-0,6,260
2026-08-26,product-10,region-1,7,261
2026-08-27,product-11,region-2,8,262
2026-08-28,product-12,region-3,9,263
2026-08-01,product-13,region-4,1,264
2026-08-02,product-14,region-0,2,265
2026-08-03,product-15,region-1,3,266
2026-08-04,product-16,region-2,4,267
2026-08-05,product-0,region-3,5,268
2026-08-06,product-1,region-4,6,269
2026-08-07,product-2,region-0,7,270
2026-08-08,product-3,region-1,8,271
2026-08-09,product-4,region-2,9,272
2026-08-10,product-5,region-3,1,273
2026-08-11,product-6,region-4,2,274
2026-08-12,product-7,region-0,3,275
2026-08-13,product-8,region-1,4,276
2026-08-14,product-9,region-2,5,277
2026-08-15,product-10,region-3,6,278
2026-08-16,product-11,region-4,7,279
2026-08-17,product-12,region-0,8,280
2026-08-18,product-13,region-1,9,281
2026-08-19,product-14,region-2,1,282
2026-08-20,product-15,region-3,2,283
2026-08-21,product-16,region-4,3,284
2026-08-22,product-0,region-0,4,285
2026-08-23,product-1,region-1,5,286
2026-08-24,product-2,region-2,6,287
2026-08-25,product-3,region-3,7,288
2026-08-26,product-4,region-4,8,289
2026-08-27,product-5,region-0,9,290
2026-08-28,product-6,region-1,1,291
2026-08-01,product-7,region-2,2,292
2026-08-02,product-8,region-3,3,293
2026-08-03,product-9,region-4,4,294
2026-08-04,product-10,region-0,5,295
2026-08-05,product-11,region-1,6,296
2026-08-06,product-12,region-2,7,297
2026-08-07,product-13,region-3,8,298
2026-08-08,product-14,region-4,9,299
2026-08-09,product-15,region-0,1,300
2026-08-10,product-16,region-1,2,301
2026-08-11,product-0,region-2,3,302
2026-08-12,product-1,region-3,4,303
2026-08-13,product-2,region-4,5,304
2026-08-14,product-3,region-0,6,305
2026-08-15,product-4,region-1,7,306
2026-08-16,product-5,region-2,8,307
2026-08-17,product-6,region-3,9,308
2026-08-18,product-7,region-4,1,309
2026-08-19,product-8,region-0,2,310
2026-08-20,product-9,region-1,3,311
2026-08-21,product-10,region-2,4,312
2026-08-22,product-11,region-3,5,313
2026-08-23,product-12,region-4,6,314
2026-08-24,product-13,region-0,7,315
2026-08-25,product-14,region-1,8,316
2026-08-26,product-15,region-2,9,317
2026-08-27,product-16,region-3,1,318
2026-08-28,product-0,region-4,2,319
2026-08-01,product-1,region-0,3,320
2026-08-02,product-2,region-1,4,321
2026-08-03,product-3,region-2,5,322
2026-08-04,product-4,region-3,6,323
2026-08-05,product-5,region-4,7,324
2026-08-06,product-6,region-0,8,325
2026-08-07,product-7,region-1,9,326
2026-08-08,product-8,region-2,1,327
2026-08-09,product-9,region-3,2,328
2026-08-10,product-10,region-4,3,329
2026-08-11,product-11,region-0,4,330
2026-08-12,product-12,region-1,5,331
2026-08-13,product-13,region-2,6,332
2026-08-14,product-14,region-3,7,333
2026-08-15,product-15,region-4,8,334
2026-08-16,product-16,region-0,9,335
2026-08-17,product-0,region-1,1,336
2026-08-18,product-1,region-2,2,337
2026-08-19,product-2,region-3,3,338
2026-08-20,product-3,region-4,4,339
2026-08-21,product-4,region-0,5,340
2026-08-22,product-5,region-1,6,341
2026-08-23,product-6,region-2,7,342
2026-08-24,product-7,region-3,8,343
2026-08-25,product-8,region-4,9,344
2026-08-26,product-9,region-0,1,345
2026-08-27,product-10,region-1,2,346
2026-08-28,product-11,region-2,3,347
2026-08-01,product-12,region-3,4,348
2026-08-02,product-13,region-4,5,349
2026-08-03,product-14,region-0,6,350
2026-08-04,product-15,region-1,7,351
2026-08-05,product-16,region-2,8,352
2026-08-06,product-0,region-3,9,353
2026-08-07,product-1,region-4,1,354
2026-08-08,product-2,region-0,2,355
2026-08-09,product-3,region-1,3,356
2026-08-10,product-4,region-2,4,357
2026-08-11,product-5,region-3,5,358
2026-08-12,product-6,region-4,6,359
2026-08-13,product-7,region-0,7,360
2026-08-14,product-8,region-1,8,361
2026-08-15,product-9,region-2,9,362
2026-08-16,product-10,region-3,1,363
2026-08-17,product-11,region-4,2,364
2026-08-18,product-12,region-0,3,365
2026-08-19,product-13,region-1,4,366
2026-08-20,product-14,region-2,5,367
2026-08-21,product-15,region-3,6,368
2026-08-22,product-16,region-4,7,369
2026-08-23,product-0,region-0,8,370
2026-08-24,product-1,region-1,9,371
2026-08-25,product-2,region-2,1,372
2026-08-26,product-3,region-3,2,373
2026-08-27,product-4,region-4,3,374
2026-08-28,product-5,region-0,4,375
2026-08-01,product-6,region-1,5,376
2026-08-02,product-7,region-2,6,377
2026-08-03,product-8,region-3,7,378
2026-08-04,product-9,region-4,8,379
2026-08-05,product-10,region-0,9,380
2026-08-06,product-11,region-1,1,381
2026-08-07,product-12,region-2,2,382
2026-08-08,product-13,region-3,3,383
2026-08-09,product-14,region-4,4,384
2026-08-10,product-15,region-0,5,385
2026-08-11,product-16,region-1,6,386
2026-08-12,product-0,region-2,7,387
2026-08-13,product-1,region-3,8,388
2026-08-14,product-2,region-4,9,389
2026-08-15,product-3,region-0,1,390
2026-08-16,product-4,region-1,2,391
2026-08-17,product-5,region-2,3,392
2026-08-18,product-6,region-3,4,393
2026-08-19,product-7,region-4,5,394
2026-08-20,product-8,region-0,6,395
2026-08-21,product-9,region-1,7,396
2026-08-22,product-10,region-2,8,397
2026-08-23,product-11,region-3,9,398
2026-08-24,product-12,region-4,1,399
2026-08-25,product-13,region-0,2,400
2026-08-26,product-14,region-1,3,401
2026-08-27,product-15,region-2,4,402
2026-08-28,product-16,region-3,5,403
2026-08-01,product-0,region-4,6,404
2026-08-02,product-1,region-0,7,405
2026-08-03,product-2,region-1,8,406
2026-08-04,product-3,region-2,9,407
2026-08-05,product-4,region-3,1,408
2026-08-06,product-5,region-4,2,409
2026-08-07,product-6,region-0,3,410
2026-08-08,product-7,region-1,4,411
2026-08-09,product-8,region-2,5,412
2026-08-10,product-9,region-3,6,413
2026-08-11,product-10,region-4,7,414
2026-08-12,product-11,region-0,8,415
2026-08-13,product-12,region-1,9,416
2026-08-14,product-13,region-2,1,417
2026-08-15,product-14,region-3,2,418
2026-08-16,product-15,region-4,3,419
2026-08-17,product-16,region-0,4,420
2026-08-18,product-0,region-1,5,421
2026-08-19,product-1,region-2,6,422
2026-08-20,product-2,region-3,7,423
2026-08-21,product-3,region-4,8,424
2026-08-22,product-4,region-0,9,425
2026-08-23,product-5,region-1,1,426
2026-08-24,product-6,region-2,2,427
2026-08-25,product-7,region-3,3,428
2026-08-26,product-8,region-4,4,429
2026-08-27,product-9,region-0,5,430
2026-08-28,product-10,region-1,6,431
2026-08-01,product-11,region-2,7,432
2026-08-02,product-12,region-3,8,433
2026-08-03,product-13,region-4,9,434
2026-08-04,product-14,region-0,1,435
2026-08-05,product-15,region-1,2,436
2026-08-06,product-16,region-2,3,437
2026-08-07,product-0,region-3,4,438
2026-08-08,product-1,region-4,5,439
2026-08-09,product-2,region-0,6,440
2026-08-10,product-3,region-1,7,441
2026-08-11,product-4,region-2,8,442
2026-08-12,product-5,region-3,9,443
2026-08-13,product-6,region-4,1,444
2026-08-14,product-7,region-0,2,445
2026-08-15,product-8,region-1,3,446
2026-08-16,product-9,region-2,4,447
2026-08-17,product-10,region-3,5,448
2026-08-18,product-11,region-4,6,449
2026-08-19,product-12,region-0,7,450
2026-08-20,product-13,region-1,8,451
2026-08-21,product-14,region-2,9,452
2026-08-22,product-15,region-3,1,453
2026-08-23,product-16,region-4,2,454
2026-08-24,product-0,region-0,3,455
2026-08-25,product-1,region-1,4,456
2026-08-26,product-2,region-2,5,457
2026-08-27,product-3,region-3,6,458
2026-08-28,product-4,region-4,7,459
2026-08-01,product-5,region-0,8,460
2026-08-02,product-6,region-1,9,461
2026-08-03,product-7,region-2,1,462
2026-08-04,product-8,region-3,2,463
2026-08-05,product-9,region-4,3,464
2026-08-06,product-10,region-0,4,465
2026-08-07,product-11,region-1,5,466
2026-08-08,product-12,region-2,6,467
2026-08-09,product-13,region-3,7,468
2026-08-10,product-14,region-4,8,469
2026-08-11,product-15,region-0,9,470
2026-08-12,product-16,region-1,1,471
2026-08-13,product-0,region-2,2,472
2026-08-14,product-1,region-3,3,473
2026-08-15,product-2,region-4,4,474
2026-08-16,product-3,region-0,5,475
2026-08-17,product-4,region-1,6,476
2026-08-18,product-5,region-2,7,477
2026-08-19,product-6,region-3,8,478
2026-08-20,product-7,region-4,9,479
2026-08-21,product-8,region-0,1,480
2026-08-22,product-9,region-1,2,481
2026-08-23,product-10,region-2,3,482
2026-08-24,product-11,region-3,4,483
2026-08-25,product-12,region-4,5,484
2026-08-26,product-13,region-0,6,485
2026-08-27,product-14,region-1,7,486
2026-08-28,product-15,region-2,8,487
2026-08-01,product-16,region-3,9,488
2026-08-02,product-0,region-4,1,489
2026-08-03,product-1,region-0,2,490
2026-08-04,product-2,region-1,3,491
2026-08-05,product-3,region-2,4,492
2026-08-06,product-4,region-3,5,493
2026-08-07,product-5,region-4,6,494
2026-08-08,product-6,region-0,7,495
2026-08-09,product-7,region-1,8,496
2026-08-10,product-8,region-2,9,497
2026-08-11,product-9,region-3,1,498
2026-08-12,product-10,region-4,2,499
2026-08-13,product-11,region-0,3,100
2026-08-14,product-12,region-1,4,101
2026-08-15,product-13,region-2,5,102
2026-08-16,product-14,region-3,6,103
2026-08-17,product-15,region-4,7,104
2026-08-18,product-16,region-0,8,105
2026-08-19,product-0,region-1,9,106
2026-08-20,product-1,region-2,1,107
2026-08-21,product-2,region-3,2,108
2026-08-22,product-3,region-4,3,109
2026-08-23,product-4,region-0,4,110
2026-08-24,product-5,region-1,5,111
2026-08-25,product-6,region-2,6,112
2026-08-26,product-7,region-3,7,113
2026-08-27,product-8,region-4,8,114
2026-08-28,product-9,region-0,9,115
2026-08-01,product-10,region-1,1,116
2026-08-02,product-11,region-2,2,117
2026-08-03,product-12,region-3,3,118
2026-08-04,product-13,region-4,4,119
2026-08-05,product-14,region-0,5,120
2026-08-06,product-15,region-1,6,121
2026-08-07,product-16,region-2,7,122
2026-08-08,product-0,region-3,8,123
2026-08-09,product-1,region-4,9,124
2026-08-10,product-2,region-0,1,125
2026-08-11,product-3,region-1,2,126
2026-08-12,product-4,region-2,3,127
2026-08-13,product-5,region-3,4,128
2026-08-14,product-6,region-4,5,129
2026-08-15,product-7,region-0,6,130
2026-08-16,product-8,region-1,7,131
2026-08-17,product-9,region-2,8,132
2026-08-18,product-10,region-3,9,133
2026-08-19,product-11,region-4,1,134
2026-08-20,product-12,region-0,2,135
2026-08-21,product-13,region-1,3,136
2026-08-22,product-14,region-2,4,137
2026-08-23,product-15,region-3,5,138
2026-08-24,product-16,region-4,6,139
2026-08-25,product-0,region-0,7,140
2026-08-26,product-1,region-1,8,141
2026-08-27,product-2,region-2,9,142
2026-08-28,product-3,region-3,1,143
2026-08-01,product-4,region-4,2,144
2026-08-02,product-5,region-0,3,145
2026-08-03,product-6,region-1,4,146
2026-08-04,product-7,region-2,5,147
2026-08-05,product-8,region-3,6,148
2026-08-06,product-9,region-4,7,149
2026-08-07,product-10,region-0,8,150
2026-08-08,product-11,region-1,9,151
2026-08-09,product-12,region-2,1,152
2026-08-10,product-13,region-3,2,153
2026-08-11,product-14,region-4,3,154
2026-08-12,product-15,region-0,4,155
2026-08-13,product-16,region-1,5,156
2026-08-14,product-0,region-2,6,157
2026-08-15,product-1,region-3,7,158
2026-08-16,product-2,region-4,8,159
2026-08-17,product-3,region-0,9,160
2026-08-18,product-4,region-1,1,161
2026-08-19,product-5,region-2,2,162
2026-08-20,product-6,region-3,3,163
2026-08-21,product-7,region-4,4,164
2026-08-22,product-8,region-0,5,165
2026-08-23,product-9,region-1,6,166
2026-08-24,product-10,region-2,7,167
2026-08-25,product-11,region-3,8,168
2026-08-26,product-12,region-4,9,169
2026-08-27,product-13,region-0,1,170
2026-08-28,product-14,region-1,2,171
2026-08-01,product-15,region-2,3,172
2026-08-02,product-16,region-3,4,173
2026-08-03,product-0,region-4,5,174
2026-08-04,product-1,region-0,6,175
2026-08-05,product-2,region-1,7,176
2026-08-06,product-3,region-2,8,177
2026-08-07,product-4,region-3,9,178
2026-08-08,product-5,region-4,1,179
2026-08-09,product-6,region-0,2,180
2026-08-10,product-7,region-1,3,181
2026-08-11,product-8,region-2,4,182
2026-08-12,product-9,region-3,5,183
2026-08-13,product-10,region-4,6,184
2026-08-14,product-11,region-0,7,185
2026-08-15,product-12,region-1,8,186
2026-08-16,product-13,region-2,9,187
2026-08-17,product-14,region-3,1,188
2026-08-18,product-15,region-4,2,189
2026-08-19,product-16,region-0,3,190
2026-08-20,product-0,region-1,4,191
2026-08-21,product-1,region-2,5,192
2026-08-22,product-2,region-3,6,193
2026-08-23,product-3,region-4,7,194
2026-08-24,product-4,region-0,8,195
2026-08-25,product-5,region-1,9,196
2026-08-26,product-6,region-2,1,197
2026-08-27,product-7,region-3,2,198
2026-08-28,product-8,region-4,3,199
2026-08-01,product-9,region-0,4,200
2026-08-02,product-10,region-1,5,201
2026-08-03,product-11,region-2,6,202
2026-08-04,product-12,region-3,7,203
2026-08-05,product-13,region-4,8,204
2026-08-06,product-14,region-0,9,205
2026-08-07,product-15,region-1,1,206
2026-08-08,product-16,region-2,2,207
2026-08-09,product-0,region-3,3,208
2026-08-10,product-1,region-4,4,209
2026-08-11,product-2,region-0,5,210
2026-08-12,product-3,region-1,6,211
2026-08-13,product-4,region-2,7,212
2026-08-14,product-5,region-3,8,213
2026-08-15,product-6,region-4,9,214
2026-08-16,product-7,region-0,1,215
2026-08-17,product-8,region-1,2,216
2026-08-18,product-9,region-2,3,217
2026-08-19,product-10,region-3,4,218
2026-08-20,product-11,region-4,5,219
2026-08-21,product-12,region-0,6,220
2026-08-22,product-13,region-1,7,221
2026-08-23,product-14,region-2,8,222
2026-08-24,product-15,region-3,9,223
2026-08-25,product-16,region-4,1,224
2026-08-26,product-0,region-0,2,225
2026-08-27,product-1,region-1,3,226
2026-08-28,product-2,region-2,4,227
2026-08-01,product-3,region-3,5,228
2026-08-02,product-4,region-4,6,229
2026-08-03,product-5,region-0,7,230
2026-08-04,product-6,region-1,8,231
2026-08-05,product-7,region-2,9,232
2026-08-06,product-8,region-3,1,233
2026-08-07,product-9,region-4,2,234
2026-08-08,product-10,region-0,3,235
2026-08-09,product-11,region-1,4,236
2026-08-10,product-12,region-2,5,237
2026-08-11,product-13,region-3,6,238
2026-08-12,product-14,region-4,7,239
2026-08-13,product-15,region-0,8,240
2026-08-14,product-16,region-1,9,241
2026-08-15,product-0,region-2,1,242
2026-08-16,product-1,region-3,2,243
2026-08-17,product-2,region-4,3,244
2026-08-18,product-3,region-0,4,245
2026-08-19,product-4,region-1,5,246
2026-08-20,product-5,region-2,6,247
2026-08-21,product-6,region-3,7,248
2026-08-22,product-7,region-4,8,249
2026-08-23,product-8,region-0,9,250
2026-08-24,product-9,region-1,1,251
2026-08-25,product-10,region-2,2,252
2026-08-26,product-11,region-3,3,253
2026-08-27,product-12,region-4,4,254
2026-08-28,product-13,region-0,5,255
2026-08-01,product-14,region-1,6,256
2026-08-02,product-15,region-2,7,257
2026-08-03,product-16,region-3,8,258
2026-08-04,product-0,region-4,9,259
2026-08-05,product-1,region-0,1,260
2026-08-06,product-2,region-1,2,261
2026-08-07,product-3,region-2,3,262
2026-08-08,product-4,region-3,4,263
2026-08-09,product-5,region-4,5,264
2026-08-10,product-6,region-0,6,265
2026-08-11,product-7,region-1,7,266
2026-08-12,product-8,region-2,8,267
2026-08-13,product-9,region-3,9,268
2026-08-14,product-10,region-4,1,269
2026-08-15,product-11,region-0,2,270
2026-08-16,product-12,region-1,3,271
2026-08-17,product-13,region-2,4,272
2026-08-18,product-14,region-3,5,273
2026-08-19,product-15,region-4,6,274
2026-08-20,product-16,region-0,7,275
2026-08-21,product-0,region-1,8,276
2026-08-22,product-1,region-2,9,277
2026-08-23,product-2,region-3,1,278
2026-08-24,product-3,region-4,2,279
2026-08-25,product-4,region-0,3,280
2026-08-26,product-5,region-1,4,281
2026-08-27,product-6,region-2,5,282
2026-08-28,product-7,region-3,6,283
2026-08-01,product-8,region-4,7,284
2026-08-02,product-9,region-0,8,285
2026-08-03,product-10,region-1,9,286
2026-08-04,product-11,region-2,1,287
2026-08-05,product-12,region-3,2,288
2026-08-06,product-13,region-4,3,289
2026-08-07,product-14,region-0,4,290
2026-08-08,product-15,region-1,5,291
2026-08-09,product-16,region-2,6,292
2026-08-10,product-0,region-3,7,293
2026-08-11,product-1,region-4,8,294
2026-08-12,product-2,region-0,9,295
2026-08-13,product-3,region-1,1,296
2026-08-14,product-4,region-2,2,297
2026-08-15,product-5,region-3,3,298
2026-08-16,product-6,region-4,4,299
2026-08-17,product-7,region-0,5,300
2026-08-18,product-8,region-1,6,301
2026-08-19,product-9,region-2,7,302
2026-08-20,product-10,region-3,8,303
2026-08-21,product-11,region-4,9,304
2026-08-22,product-12,region-0,1,305
2026-08-23,product-13,region-1,2,306
2026-08-24,product-14,region-2,3,307
2026-08-25,product-15,region-3,4,308
2026-08-26,product-16,region-4,5,309
2026-08-27,product-0,region-0,6,310
2026-08-28,product-1,region-1,7,311
2026-08-01,product-2,region-2,8,312
2026-08-02,product-3,region-3,9,313
2026-08-03,product-4,region-4,1,314
2026-08-04,product-5,region-0,2,315
2026-08-05,product-6,region-1,3,316
2026-08-06,product-7,region-2,4,317
2026-08-07,product-8,region-3,5,318
2026-08-08,product-9,region-4,6,319
2026-08-09,product-10,region-0,7,320
2026-08-10,product-11,region-1,8,321
2026-08-11,product-12,region-2,9,322
2026-08-12,product-13,region-3,1,323
2026-08-13,product-14,region-4,2,324
2026-08-14,product-15,region-0,3,325
2026-08-15,product-16,region-1,4,326
2026-08-16,product-0,region-2,5,327
2026-08-17,product-1,region-3,6,328
2026-08-18,product-2,region-4,7,329
2026-08-19,product-3,region-0,8,330
2026-08-20,product-4,region-1,9,331
2026-08-21,product-5,region-2,1,332
2026-08-22,product-6,region-3,2,333
2026-08-23,product-7,region-4,3,334
2026-08-24,product-8,region-0,4,335
2026-08-25,product-9,region-1,5,336
2026-08-26,product-10,region-2,6,337
2026-08-27,product-11,region-3,7,338
2026-08-28,product-12,region-4,8,339
2026-08-01,product-13,region-0,9,340
2026-08-02,product-14,region-1,1,341
2026-08-03,product-15,region-2,2,342
2026-08-04,product-16,region-3,3,343
2026-08-05,product-0,region-4,4,344
2026-08-06,product-1,region-0,5,345
2026-08-07,product-2,region-1,6,346
2026-08-08,product-3,region-2,7,347
2026-08-09,product-4,region-3,8,348
2026-08-10,product-5,region-4,9,349
2026-08-11,product-6,region-0,1,350
2026-08-12,product-7,region-1,2,351
2026-08-13,product-8,region-2,3,352
2026-08-14,product-9,region-3,4,353
2026-08-15,product-10,region-4,5,354
2026-08-16,product-11,region-0,6,355
2026-08-17,product-12,region-1,7,356
2026-08-18,product-13,region-2,8,357
2026-08-19,product-14,region-3,9,358
2026-08-20,product-15,region-4,1,359
2026-08-21,product-16,region-0,2,360
2026-08-22,product-0,region-1,3,361
2026-08-23,product-1,region-2,4,362
2026-08-24,product-2,region-3,5,363
2026-08-25,product-3,region-4,6,364
2026-08-26,product-4,region-0,7,365
2026-08-27,product-5,region-1,8,366
2026-08-28,product-6,region-2,9,367
2026-08-01,product-7,region-3,1,368
2026-08-02,product-8,region-4,2,369
2026-08-03,product-9,region-0,3,370
2026-08-04,product-10,region-1,4,371
2026-08-05,product-11,region-2,5,372
2026-08-06,product-12,region-3,6,373
2026-08-07,product-13,region-4,7,374
2026-08-08,product-14,region-0,8,375
2026-08-09,product-15,region-1,9,376
2026-08-10,product-16,region-2,1,377
2026-08-11,product-0,region-3,2,378
2026-08-12,product-1,region-4,3,379
2026-08-13,product-2,region-0,4,380
2026-08-14,product-3,region-1,5,381
2026-08-15,product-4,region-2,6,382
2026-08-16,product-5,region-3,7,383
2026-08-17,product-6,region-4,8,384
2026-08-18,product-7,region-0,9,385
2026-08-19,product-8,region-1,1,386
2026-08-20,product-9,region-2,2,387
2026-08-21,product-10,region-3,3,388
2026-08-22,product-11,region-4,4,389
2026-08-23,product-12,region-0,5,390
2026-08-24,product-13,region-1,6,391
2026-08-25,product-14,region-2,7,392
2026-08-26,product-15,region-3,8,393
2026-08-27,product-16,region-4,9,394
2026-08-28,product-0,region-0,1,395
2026-08-01,product-1,region-1,2,396
2026-08-02,product-2,region-2,3,397
2026-08-03,product-3,region-3,4,398
2026-08-04,product-4,region-4,5,399
2026-08-05,product-5,region-0,6,400
2026-08-06,product-6,region-1,7,401
2026-08-07,product-7,region-2,8,402
2026-08-08,product-8,region-3,9,403
2026-08-09,product-9,region-4,1,404
2026-08-10,product-10,region-0,2,405
2026-08-11,product-11,region-1,3,406
2026-08-12,product-12,region-2,4,407
2026-08-13,product-13,region-3,5,408
2026-08-14,product-14,region-4,6,409
2026-08-15,product-15,region-0,7,410
2026-08-16,product-16,region-1,8,411
2026-08-17,product-0,region-2,9,412
2026-08-18,product-1,region-3,1,413
2026-08-19,product-2,region-4,2,414
2026-08-20,product-3,region-0,3,415
2026-08-21,product-4,region-1,4,416
2026-08-22,product-5,region-2,5,417
2026-08-23,product-6,region-3,6,418
2026-08-24,product-7,region-4,7,419
2026-08-25,product-8,region-0,8,420
2026-08-26,product-9,region-1,9,421
2026-08-27,product-10,region-2,1,422
2026-08-28,product-11,region-3,2,423
2026-08-01,product-12,region-4,3,424
2026-08-02,product-13,region-0,4,425
2026-08-03,product-14,region-1,5,426
2026-08-04,product-15,region-2,6,427
2026-08-05,product-16,region-3,7,428
2026-08-06,product-0,region-4,8,429
2026-08-07,product-1,region-0,9,430
2026-08-08,product-2,region-1,1,431
2026-08-09,product-3,region-2,2,432
2026-08-10,product-4,region-3,3,433
2026-08-11,product-5,region-4,4,434
2026-08-12,product-6,region-0,5,435
2026-08-13,product-7,region-1,6,436
2026-08-14,product-8,region-2,7,437
2026-08-15,product-9,region-3,8,438
2026-08-16,product-10,region-4,9,439
2026-08-17,product-11,region-0,1,440
2026-08-18,product-12,region-1,2,441
2026-08-19,product-13,region-2,3,442
2026-08-20,product-14,region-3,4,443
2026-08-21,product-15,region-4,5,444
2026-08-22,product-16,region-0,6,445
2026-08-23,product-0,region-1,7,446
2026-08-24,product-1,region-2,8,447
2026-08-25,product-2,region-3,9,448
2026-08-26,product-3,region-4,1,449
2026-08-27,product-4,region-0,2,450
2026-08-28,product-5,region-1,3,451
2026-08-01,product-6,region-2,4,452
2026-08-02,product-7,region-3,5,453
2026-08-03,product-8,region-4,6,454
2026-08-04,product-9,region-0,7,455
2026-08-05,product-10,region-1,8,456
2026-08-06,product-11,region-2,9,457
2026-08-07,product-12,region-3,1,458
2026-08-08,product-13,region-4,2,459
2026-08-09,product-14,region-0,3,460
2026-08-10,product-15,region-1,4,461
2026-08-11,product-16,region-2,5,462
2026-08-12,product-0,region-3,6,463
2026-08-13,product-1,region-4,7,464
2026-08-14,product-2,region-0,8,465
2026-08-15,product-3,region-1,9,466
2026-08-16,product-4,region-2,1,467
2026-08-17,product-5,region-3,2,468
2026-08-18,product-6,region-4,3,469
2026-08-19,product-7,region-0,4,470
2026-08-20,product-8,region-1,5,471
2026-08-21,product-9,region-2,6,472
2026-08-22,product-10,region-3,7,473
2026-08-23,product-11,region-4,8,474
2026-08-24,product-12,region-0,9,475
2026-08-25,product-13,region-1,1,476
2026-08-26,product-14,region-2,2,477
2026-08-27,product-15,region-3,3,478
2026-08-28,product-16,region-4,4,479
2026-08-01,product-0,region-0,5,480
2026-08-02,product-1,region-1,6,481
2026-08-03,product-2,region-2,7,482
2026-08-04,product-3,region-3,8,483
2026-08-05,product-4,region-4,9,484
2026-08-06,product-5,region-0,1,485
2026-08-07,product-6,region-1,2,486
2026-08-08,product-7,region-2,3,487
2026-08-09,product-8,region-3,4,488
2026-08-10,product-9,region-4,5,489
2026-08-11,product-10,region-0,6,490
2026-08-12,product-11,region-1,7,491
2026-08-13,product-12,region-2,8,492
2026-08-14,product-13,region-3,9,493
2026-08-15,product-14,region-4,1,494
2026-08-16,product-15,region-0,2,495
2026-08-17,product-16,region-1,3,496
2026-08-18,product-0,region-2,4,497
2026-08-19,product-1,region-3,5,498
2026-08-20,product-2,region-4,6,499
2026-08-21,product-3,region-0,7,100
2026-08-22,product-4,region-1,8,101
2026-08-23,product-5,region-2,9,102
2026-08-24,product-6,region-3,1,103
2026-08-25,product-7,region-4,2,104
2026-08-26,product-8,region-0,3,105
2026-08-27,product-9,region-1,4,106
2026-08-28,product-10,region-2,5,107
2026-08-01,product-11,region-3,6,108
2026-08-02,product-12,region-4,7,109
2026-08-03,product-13,region-0,8,110
2026-08-04,product-14,region-1,9,111
2026-08-05,product-15,region-2,1,112
2026-08-06,product-16,region-3,2,113
2026-08-07,product-0,region-4,3,114
2026-08-08,product-1,region-0,4,115
2026-08-09,product-2,region-1,5,116
2026-08-10,product-3,region-2,6,117
2026-08-11,product-4,region-3,7,118
2026-08-12,product-5,region-4,8,119
2026-08-13,product-6,region-0,9,120
2026-08-14,product-7,region-1,1,121
2026-08-15,product-8,region-2,2,122
2026-08-16,product-9,region-3,3,123
2026-08-17,product-10,region-4,4,124
2026-08-18,product-11,region-0,5,125
2026-08-19,product-12,region-1,6,126
2026-08-20,product-13,region-2,7,127
2026-08-21,product-14,region-3,8,128
2026-08-22,product-15,region-4,9,129
2026-08-23,product-16,region-0,1,130
2026-08-24,product-0,region-1,2,131
2026-08-25,product-1,region-2,3,132
2026-08-26,product-2,region-3,4,133
2026-08-27,product-3,region-4,5,134
2026-08-28,product-4,region-0,6,135
2026-08-01,product-5,region-1,7,136
2026-08-02,product-6,region-2,8,137
2026-08-03,product-7,region-3,9,138
2026-08-04,product-8,region-4,1,139
2026-08-05,product-9,region-0,2,140
2026-08-06,product-10,region-1,3,141
2026-08-07,product-11,region-2,4,142
2026-08-08,product-12,region-3,5,143
2026-08-09,product-13,region-4,6,144
2026-08-10,product-14,region-0,7,145
2026-08-11,product-15,region-1,8,146
2026-08-12,product-16,region-2,9,147
2026-08-13,product-0,region-3,1,148
2026-08-14,product-1,region-4,2,149
2026-08-15,product-2,region-0,3,150
2026-08-16,product-3,region-1,4,151
2026-08-17,product-4,region-2,5,152
2026-08-18,product-5,region-3,6,153
2026-08-19,product-6,region-4,7,154
2026-08-20,product-7,region-0,8,155
2026-08-21,product-8,region-1,9,156
2026-08-22,product-9,region-2,1,157
2026-08-23,product-10,region-3,2,158
2026-08-24,product-11,region-4,3,159
2026-08-25,product-12,region-0,4,160
2026-08-26,product-13,region-1,5,161
2026-08-27,product-14,region-2,6,162
2026-08-28,product-15,region-3,7,163
2026-08-01,product-16,region-4,8,164
2026-08-02,product-0,region-0,9,165
2026-08-03,product-1,region-1,1,166
2026-08-04,product-2,region-2,2,167
2026-08-05,product-3,region-3,3,168
2026-08-06,product-4,region-4,4,169
2026-08-07,product-5,region-0,5,170
2026-08-08,product-6,region-1,6,171
2026-08-09,product-7,region-2,7,172
2026-08-10,product-8,region-3,8,173
2026-08-11,product-9,region-4,9,174
2026-08-12,product-10,region-0,1,175
2026-08-13,product-11,region-1,2,176
2026-08-14,product-12,region-2,3,177
2026-08-15,product-13,region-3,4,178
2026-08-16,product-14,region-4,5,179
2026-08-17,product-15,region-0,6,180
2026-08-18,product-16,region-1,7,181
2026-08-19,product-0,region-2,8,182
2026-08-20,product-1,region-3,9,183
2026-08-21,product-2,region-4,1,184
2026-08-22,product-3,region-0,2,185
2026-08-23,product-4,region-1,3,186
2026-08-24,product-5,region-2,4,187
2026-08-25,product-6,region-3,5,188
2026-08-26,product-7,region-4,6,189
2026-08-27,product-8,region-0,7,190
2026-08-28,product-9,region-1,8,191
2026-08-01,product-10,region-2,9,192
2026-08-02,product-11,region-3,1,193
2026-08-03,product-12,region-4,2,194
2026-08-04,product-13,region-0,3,195
2026-08-05,product-14,region-1,4,196
2026-08-06,product-15,region-2,5,197
2026-08-07,product-16,region-3,6,198
2026-08-08,product-0,region-4,7,199
2026-08-09,product-1,region-0,8,200
2026-08-10,product-2,region-1,9,201
2026-08-11,product-3,region-2,1,202
2026-08-12,product-4,region-3,2,203
2026-08-13,product-5,region-4,3,204
2026-08-14,product-6,region-0,4,205
2026-08-15,product-7,region-1,5,206
2026-08-16,product-8,region-2,6,207
2026-08-17,product-9,region-3,7,208
2026-08-18,product-10,region-4,8,209
2026-08-19,product-11,region-0,9,210
2026-08-20,product-12,region-1,1,211
2026-08-21,product-13,region-2,2,212
2026-08-22,product-14,region-3,3,213
2026-08-23,product-15,region-4,4,214
2026-08-24,product-16,region-0,5,215
2026-08-25,product-0,region-1,6,216
2026-08-26,product-1,region-2,7,217
2026-08-27,product-2,region-3,8,218
2026-08-28,product-3,region-4,9,219
2026-08-01,product-4,region-0,1,220
2026-08-02,product-5,region-1,2,221
2026-08-03,product-6,region-2,3,222
2026-08-04,product-7,region-3,4,223
2026-08-05,product-8,region-4,5,224
2026-08-06,product-9,region-0,6,225
2026-08-07,product-10,region-1,7,226
2026-08-08,product-11,region-2,8,227
2026-08-09,product-12,region-3,9,228
2026-08-10,product-13,region-4,1,229
2026-08-11,product-14,region-0,2,230
2026-08-12,product-15,region-1,3,231
2026-08-13,product-16,region-2,4,232
2026-08-14,product-0,region-3,5,233
2026-08-15,product-1,region-4,6,234
2026-08-16,product-2,region-0,7,235
2026-08-17,product-3,region-1,8,236
2026-08-18,product-4,region-2,9,237
2026-08-19,product-5,region-3,1,238
2026-08-20,product-6,region-4,2,239
2026-08-21,product-7,region-0,3,240
2026-08-22,product-8,region-1,4,241
2026-08-23,product-9,region-2,5,242
2026-08-24,product-10,region-3,6,243
2026-08-25,product-11,region-4,7,244
2026-08-26,product-12,region-0,8,245
2026-08-27,product-13,region-1,9,246
2026-08-28,product-14,region-2,1,247
2026-08-01,product-15,region-3,2,248
2026-08-02,product-16,region-4,3,249
2026-08-03,product-0,region-0,4,250
2026-08-04,product-1,region-1,5,251
2026-08-05,product-2,region-2,6,252
2026-08-06,product-3,region-3,7,253
2026-08-07,product-4,region-4,8,254
2026-08-08,product-5,region-0,9,255
2026-08-09,product-6,region-1,1,256
2026-08-10,product-7,region-2,2,257
2026-08-11,product-8,region-3,3,258
2026-08-12,product-9,region-4,4,259
2026-08-13,product-10,region-0,5,260
2026-08-14,product-11,region-1,6,261
2026-08-15,product-12,region-2,7,262
2026-08-16,product-13,region-3,8,263
2026-08-17,product-14,region-4,9,264
2026-08-18,product-15,region-0,1,265
2026-08-19,product-16,region-1,2,266
2026-08-20,product-0,region-2,3,267
2026-08-21,product-1,region-3,4,268
2026-08-22,product-2,region-4,5,269
2026-08-23,product-3,region-0,6,270
2026-08-24,product-4,region-1,7,271
2026-08-25,product-5,region-2,8,272
2026-08-26,product-6,region-3,9,273
2026-08-27,product-7,region-4,1,274
2026-08-28,product-8,region-0,2,275
2026-08-01,product-9,region-1,3,276
2026-08-02,product-10,region-2,4,277
2026-08-03,product-11,region-3,5,278
2026-08-04,product-12,region-4,6,279
2026-08-05,product-13,region-0,7,280
2026-08-06,product-14,region-1,8,281
2026-08-07,product-15,region-2,9,282
2026-08-08,product-16,region-3,1,283
2026-08-09,product-0,region-4,2,284
2026-08-10,product-1,region-0,3,285
2026-08-11,product-2,region-1,4,286
2026-08-12,product-3,region-2,5,287
2026-08-13,product-4,region-3,6,288
2026-08-14,product-5,region-4,7,289
2026-08-15,product-6,region-0,8,290
2026-08-16,product-7,region-1,9,291
2026-08-17,product-8,region-2,1,292
2026-08-18,product-9,region-3,2,293
2026-08-19,product-10,region-4,3,294
2026-08-20,product-11,region-0,4,295
2026-08-21,product-12,region-1,5,296
2026-08-22,product-13,region-2,6,297
2026-08-23,product-14,region-3,7,298
2026-08-24,product-15,region-4,8,299
2026-08-25,product-16,region-0,9,300
2026-08-26,product-0,region-1,1,301
2026-08-27,product-1,region-2,2,302
2026-08-28,product-2,region-3,3,303
2026-08-01,product-3,region-4,4,304
2026-08-02,product-4,region-0,5,305
2026-08-03,product-5,region-1,6,306
2026-08-04,product-6,region-2,7,307
2026-08-05,product-7,region-3,8,308
2026-08-06,product-8,region-4,9,309
2026-08-07,product-9,region-0,1,310
2026-08-08,product-10,region-1,2,311
2026-08-09,product-11,region-2,3,312
2026-08-10,product-12,region-3,4,313
2026-08-11,product-13,region-4,5,314
2026-08-12,product-14,region-0,6,315
2026-08-13,product-15,region-1,7,316
2026-08-14,product-16,region-2,8,317
2026-08-15,product-0,region-3,9,318
2026-08-16,product-1,region-4,1,319
2026-08-17,product-2,region-0,2,320
2026-08-18,product-3,region-1,3,321
2026-08-19,product-4,region-2,4,322
2026-08-20,product-5,region-3,5,323
2026-08-21,product-6,region-4,6,324
2026-08-22,product-7,region-0,7,325
2026-08-23,product-8,region-1,8,326
2026-08-24,product-9,region-2,9,327
2026-08-25,product-10,region-3,1,328
2026-08-26,product-11,region-4,2,329
2026-08-27,product-12,region-0,3,330
2026-08-28,product-13,region-1,4,331
2026-08-01,product-14,region-2,5,332
2026-08-02,product-15,region-3,6,333
2026-08-03,product-16,region-4,7,334
2026-08-04,product-0,region-0,8,335
2026-08-05,product-1,region-1,9,336
2026-08-06,product-2,region-2,1,337
2026-08-07,product-3,region-3,2,338
2026-08-08,product-4,region-4,3,339
2026-08-09,product-5,region-0,4,340
2026-08-10,product-6,region-1,5,341
2026-08-11,product-7,region-2,6,342
2026-08-12,product-8,region-3,7,343
2026-08-13,product-9,region-4,8,344
2026-08-14,product-10,region-0,9,345
2026-08-15,product-11,region-1,1,346
2026-08-16,product-12,region-2,2,347
2026-08-17,product-13,region-3,3,348
2026-08-18,product-14,region-4,4,349
2026-08-19,product-15,region-0,5,350
2026-08-20,product-16,region-1,6,351
2026-08-21,product-0,region-2,7,352
2026-08-22,product-1,region-3,8,353
2026-08-23,product-2,region-4,9,354
2026-08-24,product-3,region-0,1,355
2026-08-25,product-4,region-1,2,356
2026-08-26,product-5,region-2,3,357
2026-08-27,product-6,region-3,4,358
2026-08-28,product-7,region-4,5,359
2026-08-01,product-8,region-0,6,360
2026-08-02,product-9,region-1,7,361
2026-08-03,product-10,region-2,8,362
2026-08-04,product-11,region-3,9,363
2026-08-05,product-12,region-4,1,364
2026-08-06,product-13,region-0,2,365
2026-08-07,product-14,region-1,3,366
2026-08-08,product-15,region-2,4,367
2026-08-09,product-16,region-3,5,368
2026-08-10,product-0,region-4,6,369
2026-08-11,product-1,region-0,7,370
2026-08-12,product-2,region-1,8,371
2026-08-13,product-3,region-2,9,372
2026-08-14,product-4,region-3,1,373
2026-08-15,product-5,region-4,2,374
2026-08-16,product-6,region-0,3,375
2026-08-17,product-7,region-1,4,376
2026-08-18,product-8,region-2,5,377
2026-08-19,product-9,region-3,6,378
2026-08-20,product-10,region-4,7,379
2026-08-21,product-11,region-0,8,380
2026-08-22,product-12,region-1,9,381
2026-08-23,product-13,region-2,1,382
2026-08-24,product-14,region-3,2,383
2026-08-25,product-15,region-4,3,384
2026-08-26,product-16,region-0,4,385
2026-08-27,product-0,region-1,5,386
2026-08-28,product-1,region-2,6,387
2026-08-01,product-2,region-3,7,388
2026-08-02,product-3,region-4,8,389
2026-08-03,product-4,region-0,9,390
2026-08-04,product-5,region-1,1,391
2026-08-05,product-6,region-2,2,392
2026-08-06,product-7,region-3,3,393
2026-08-07,product-8,region-4,4,394
2026-08-08,product-9,region-0,5,395
2026-08-09,product-10,region-1,6,396
2026-08-10,product-11,region-2,7,397
2026-08-11,product-12,region-3,8,398
2026-08-12,product-13,region-4,9,399
2026-08-13,product-14,region-0,1,400
2026-08-14,product-15,region-1,2,401
2026-08-15,product-16,region-2,3,402
2026-08-16,product-0,region-3,4,403
2026-08-17,product-1,region-4,5,404
2026-08-18,product-2,region-0,6,405
2026-08-19,product-3,region-1,7,406
2026-08-20,product-4,region-2,8,407
2026-08-21,product-5,region-3,9,408
2026-08-22,product-6,region-4,1,409
2026-08-23,product-7,region-0,2,410
2026-08-24,product-8,region-1,3,411
2026-08-25,product-9,region-2,4,412
2026-08-26,product-10,region-3,5,413
2026-08-27,product-11,region-4,6,414
2026-08-28,product-12,region-0,7,415
2026-08-01,product-13,region-1,8,416
2026-08-02,product-14,region-2,9,417
2026-08-03,product-15,region-3,1,418
2026-08-04,product-16,region-4,2,419
2026-08-05,product-0,region-0,3,420
2026-08-06,product-1,region-1,4,421
2026-08-07,product-2,region-2,5,422
2026-08-08,product-3,region-3,6,423
2026-08-09,product-4,region-4,7,424
2026-08-10,product-5,region-0,8,425
2026-08-11,product-6,region-1,9,426
2026-08-12,product-7,region-2,1,427
2026-08-13,product-8,region-3,2,428
2026-08-14,product-9,region-4,3,429
2026-08-15,product-10,region-0,4,430
2026-08-16,product-11,region-1,5,431
2026-08-17,product-12,region-2,6,432
2026-08-18,product-13,region-3,7,433
2026-08-19,product-14,region-4,8,434
2026-08-20,product-15,region-0,9,435
2026-08-21,product-16,region-1,1,436
2026-08-22,product-0,region-2,2,437
2026-08-23,product-1,region-3,3,438
2026-08-24,product-2,region-4,4,439
2026-08-25,product-3,region-0,5,440
2026-08-26,product-4,region-1,6,441
2026-08-27,product-5,region-2,7,442
2026-08-28,product-6,region-3,8,443
2026-08-01,product-7,region-4,9,444
2026-08-02,product-8,region-0,1,445
2026-08-03,product-9,region-1,2,446
2026-08-04,product-10,region-2,3,447
2026-08-05,product-11,region-3,4,448
2026-08-06,product-12,region-4,5,449
2026-08-07,product-13,region-0,6,450
2026-08-08,product-14,region-1,7,451
2026-08-09,product-15,region-2,8,452
2026-08-10,product-16,region-3,9,453
2026-08-11,product-0,region-4,1,454
2026-08-12,product-1,region-0,2,455
2026-08-13,product-2,region-1,3,456
2026-08-14,product-3,region-2,4,457
2026-08-15,product-4,region-3,5,458
2026-08-16,product-5,region-4,6,459
2026-08-17,product-6,region-0,7,460
2026-08-18,product-7,region-1,8,461
2026-08-19,product-8,region-2,9,462
2026-08-20,product-9,region-3,1,463
2026-08-21,product-10,region-4,2,464
2026-08-22,product-11,region-0,3,465
2026-08-23,product-12,region-1,4,466
2026-08-24,product-13,region-2,5,467
2026-08-25,product-14,region-3,6,468
2026-08-26,product-15,region-4,7,469
2026-08-27,product-16,region-0,8,470
2026-08-28,product-0,region-1,9,471
2026-08-01,product-1,region-2,1,472
2026-08-02,product-2,region-3,2,473
2026-08-03,product-3,region-4,3,474
2026-08-04,product-4,region-0,4,475
2026-08-05,product-5,region-1,5,476
2026-08-06,product-6,region-2,6,477
2026-08-07,product-7,region-3,7,478
2026-08-08,product-8,region-4,8,479
2026-08-09,product-9,region-0,9,480
2026-08-10,product-10,region-1,1,481
2026-08-11,product-11,region-2,2,482
2026-08-12,product-12,region-3,3,483
2026-08-13,product-13,region-4,4,484
2026-08-14,product-14,region-0,5,485
2026-08-15,product-15,region-1,6,486
2026-08-16,product-16,region-2,7,487
2026-08-17,product-0,region-3,8,488
2026-08-18,product-1,region-4,9,489
2026-08-19,product-2,region-0,1,490
2026-08-20,product-3,region-1,2,491
2026-08-21,product-4,region-2,3,492
2026-08-22,product-5,region-3,4,493
2026-08-23,product-6,region-4,5,494
2026-08-24,product-7,region-0,6,495
2026-08-25,product-8,region-1,7,496
2026-08-26,product-9,region-2,8,497
2026-08-27,product-10,region-3,9,498
2026-08-28,product-11,region-4,1,499
2026-08-01,product-12,region-0,2,100
2026-08-02,product-13,region-1,3,101
2026-08-03,product-14,region-2,4,102
2026-08-04,product-15,region-3,5,103
2026-08-05,product-16,region-4,6,104
2026-08-06,product-0,region-0,7,105
2026-08-07,product-1,region-1,8,106
2026-08-08,product-2,region-2,9,107
2026-08-09,product-3,region-3,1,108
2026-08-10,product-4,region-4,2,109
2026-08-11,product-5,region-0,3,110
2026-08-12,product-6,region-1,4,111
2026-08-13,product-7,region-2,5,112
2026-08-14,product-8,region-3,6,113
2026-08-15,product-9,region-4,7,114
2026-08-16,product-10,region-0,8,115
2026-08-17,product-11,region-1,9,116
2026-08-18,product-12,region-2,1,117
2026-08-19,product-13,region-3,2,118
2026-08-20,product-14,region-4,3,119
2026-08-21,product-15,region-0,4,120
2026-08-22,product-16,region-1,5,121
2026-08-23,product-0,region-2,6,122
2026-08-24,product-1,region-3,7,123
2026-08-25,product-2,region-4,8,124
2026-08-26,product-3,region-0,9,125
2026-08-27,product-4,region-1,1,126
2026-08-28,product-5,region-2,2,127
2026-08-01,product-6,region-3,3,128
2026-08-02,product-7,region-4,4,129
2026-08-03,product-8,region-0,5,130
2026-08-04,product-9,region-1,6,131
2026-08-05,product-10,region-2,7,132
2026-08-06,product-11,region-3,8,133
2026-08-07,product-12,region-4,9,134
2026-08-08,product-13,region-0,1,135
2026-08-09,product-14,region-1,2,136
2026-08-10,product-15,region-2,3,137
2026-08-11,product-16,region-3,4,138
2026-08-12,product-0,region-4,5,139
2026-08-13,product-1,region-0,6,140
2026-08-14,product-2,region-1,7,141
2026-08-15,product-3,region-2,8,142
2026-08-16,product-4,region-3,9,143
2026-08-17,product-5,region-4,1,144
2026-08-18,product-6,region-0,2,145
2026-08-19,product-7,region-1,3,146
2026-08-20,product-8,region-2,4,147
2026-08-21,product-9,region-3,5,148
2026-08-22,product-10,region-4,6,149
2026-08-23,product-11,region-0,7,150
2026-08-24,product-12,region-1,8,151
2026-08-25,product-13,region-2,9,152
2026-08-26,product-14,region-3,1,153
2026-08-27,product-15,region-4,2,154
2026-08-28,product-16,region-0,3,155
2026-08-01,product-0,region-1,4,156
2026-08-02,product-1,region-2,5,157
2026-08-03,product-2,region-3,6,158
2026-08-04,product-3,region-4,7,159
2026-08-05,product-4,region-0,8,160
2026-08-06,product-5,region-1,9,161
2026-08-07,product-6,region-2,1,162
2026-08-08,product-7,region-3,2,163
2026-08-09,product-8,region-4,3,164
2026-08-10,product-9,region-0,4,165
2026-08-11,product-10,region-1,5,166
2026-08-12,product-11,region-2,6,167
2026-08-13,product-12,region-3,7,168
2026-08-14,product-13,region-4,8,169
2026-08-15,product-14,region-0,9,170
2026-08-16,product-15,region-1,1,171
2026-08-17,product-16,region-2,2,172
2026-08-18,product-0,region-3,3,173
2026-08-19,product-1,region-4,4,174
2026-08-20,product-2,region-0,5,175
2026-08-21,product-3,region-1,6,176
2026-08-22,product-4,region-2,7,177
2026-08-23,product-5,region-3,8,178
2026-08-24,product-6,region-4,9,179
2026-08-25,product-7,region-0,1,180
2026-08-26,product-8,region-1,2,181
2026-08-27,product-9,region-2,3,182
2026-08-28,product-10,region-3,4,183
2026-08-01,product-11,region-4,5,184
2026-08-02,product-12,region-0,6,185
2026-08-03,product-13,region-1,7,186
2026-08-04,product-14,region-2,8,187
2026-08-05,product-15,region-3,9,188
2026-08-06,product-16,region-4,1,189
2026-08-07,product-0,region-0,2,190
2026-08-08,product-1,region-1,3,191
2026-08-09,product-2,region-2,4,192
2026-08-10,product-3,region-3,5,193
2026-08-11,product-4,region-4,6,194
2026-08-12,product-5,region-0,7,195
2026-08-13,product-6,region-1,8,196
2026-08-14,product-7,region-2,9,197
2026-08-15,product-8,region-3,1,198
2026-08-16,product-9,region-4,2,199
2026-08-17,product-10,region-0,3,200
2026-08-18,product-11,region-1,4,201
2026-08-19,product-12,region-2,5,202
2026-08-20,product-13,region-3,6,203
2026-08-21,product-14,region-4,7,204
2026-08-22,product-15,region-0,8,205
2026-08-23,product-16,region-1,9,206
2026-08-24,product-0,region-2,1,207
2026-08-25,product-1,region-3,2,208
2026-08-26,product-2,region-4,3,209
2026-08-27,product-3,region-0,4,210
2026-08-28,product-4,region-1,5,211
2026-08-01,product-5,region-2,6,212
2026-08-02,product-6,region-3,7,213
2026-08-03,product-7,region-4,8,214
2026-08-04,product-8,region-0,9,215
2026-08-05,product-9,region-1,1,216
2026-08-06,product-10,region-2,2,217
2026-08-07,product-11,region-3,3,218
2026-08-08,product-12,region-4,4,219
2026-08-09,product-13,region-0,5,220
2026-08-10,product-14,region-1,6,221
2026-08-11,product-15,region-2,7,222
2026-08-12,product-16,region-3,8,223
2026-08-13,product-0,region-4,9,224
2026-08-14,product-1,region-0,1,225
2026-08-15,product-2,region-1,2,226
2026-08-16,product-3,region-2,3,227
2026-08-17,product-4,region-3,4,228
2026-08-18,product-5,region-4,5,229
2026-08-19,product-6,region-0,6,230
2026-08-20,product-7,region-1,7,231
2026-08-21,product-8,region-2,8,232
2026-08-22,product-9,region-3,9,233
2026-08-23,product-10,region-4,1,234
2026-08-24,product-11,region-0,2,235
2026-08-25,product-12,region-1,3,236
2026-08-26,product-13,region-2,4,237
2026-08-27,product-14,region-3,5,238
2026-08-28,product-15,region-4,6,239
2026-08-01,product-16,region-0,7,240
2026-08-02,product-0,region-1,8,241
2026-08-03,product-1,region-2,9,242
2026-08-04,product-2,region-3,1,243
2026-08-05,product-3,region-4,2,244
2026-08-06,product-4,region-0,3,245
2026-08-07,product-5,region-1,4,246
2026-08-08,product-6,region-2,5,247
2026-08-09,product-7,region-3,6,248
2026-08-10,product-8,region-4,7,249
2026-08-11,product-9,region-0,8,250
2026-08-12,product-10,region-1,9,251
2026-08-13,product-11,region-2,1,252
2026-08-14,product-12,region-3,2,253
2026-08-15,product-13,region-4,3,254
2026-08-16,product-14,region-0,4,255
2026-08-17,product-15,region-1,5,256
2026-08-18,product-16,region-2,6,257
2026-08-19,product-0,region-3,7,258
2026-08-20,product-1,region-4,8,259
2026-08-21,product-2,region-0,9,260
2026-08-22,product-3,region-1,1,261
2026-08-23,product-4,region-2,2,262
2026-08-24,product-5,region-3,3,263
2026-08-25,product-6,region-4,4,264
2026-08-26,product-7,region-0,5,265
2026-08-27,product-8,region-1,6,266
2026-08-28,product-9,region-2,7,267
2026-08-01,product-10,region-3,8,268
2026-08-02,product-11,region-4,9,269
2026-08-03,product-12,region-0,1,270
2026-08-04,product-13,region-1,2,271
2026-08-05,product-14,region-2,3,272
2026-08-06,product-15,region-3,4,273
2026-08-07,product-16,region-4,5,274
2026-08-08,product-0,region-0,6,275
2026-08-09,product-1,region-1,7,276
2026-08-10,product-2,region-2,8,277
2026-08-11,product-3,region-3,9,278
2026-08-12,product-4,region-4,1,279
2026-08-13,product-5,region-0,2,280
2026-08-14,product-6,region-1,3,281
2026-08-15,product-7,region-2,4,282
2026-08-16,product-8,region-3,5,283
2026-08-17,product-9,region-4,6,284
2026-08-18,product-10,region-0,7,285
2026-08-19,product-11,region-1,8,286
2026-08-20,product-12,region-2,9,287
2026-08-21,product-13,region-3,1,288
2026-08-22,product-14,region-4,2,289
2026-08-23,product-15,region-0,3,290
2026-08-24,product-16,region-1,4,291
2026-08-25,product-0,region-2,5,292
2026-08-26,product-1,region-3,6,293
2026-08-27,product-2,region-4,7,294
2026-08-28,product-3,region-0,8,295
2026-08-01,product-4,region-1,9,296
2026-08-02,product-5,region-2,1,297
2026-08-03,product-6,region-3,2,298
2026-08-04,product-7,region-4,3,299
2026-08-05,product-8,region-0,4,300
2026-08-06,product-9,region-1,5,301
2026-08-07,product-10,region-2,6,302
2026-08-08,product-11,region-3,7,303
2026-08-09,product-12,region-4,8,304
2026-08-10,product-13,region-0,9,305
2026-08-11,product-14,region-1,1,306
2026-08-12,product-15,region-2,2,307
2026-08-13,product-16,region-3,3,308
2026-08-14,product-0,region-4,4,309
2026-08-15,product-1,region-0,5,310
2026-08-16,product-2,region-1,6,311
2026-08-17,product-3,region-2,7,312
2026-08-18,product-4,region-3,8,313
2026-08-19,product-5,region-4,9,314
2026-08-20,product-6,region-0,1,315
2026-08-21,product-7,region-1,2,316
2026-08-22,product-8,region-2,3,317
2026-08-23,product-9,region-3,4,318
2026-08-24,product-10,region-4,5,319
2026-08-25,product-11,region-0,6,320
2026-08-26,product-12,region-1,7,321
2026-08-27,product-13,region-2,8,322
2026-08-28,product-14,region-3,9,323
2026-08-01,product-15,region-4,1,324
2026-08-02,product-16,region-0,2,325
2026-08-03,product-0,region-1,3,326
2026-08-04,product-1,region-2,4,327
2026-08-05,product-2,region-3,5,328
2026-08-06,product-3,region-4,6,329
2026-08-07,product-4,region-0,7,330
2026-08-08,product-5,region-1,8,331
2026-08-09,product-6,region-2,9,332
2026-08-10,product-7,region-3,1,333
2026-08-11,product-8,region-4,2,334
2026-08-12,product-9,region-0,3,335
2026-08-13,product-10,region-1,4,336
2026-08-14,product-11,region-2,5,337
2026-08-15,product-12,region-3,6,338
2026-08-16,product-13,region-4,7,339
2026-08-17,product-14,region-0,8,340
2026-08-18,product-15,region-1,9,341
2026-08-19,product-16,region-2,1,342
2026-08-20,product-0,region-3,2,343
2026-08-21,product-1,region-4,3,344
2026-08-22,product-2,region-0,4,345
2026-08-23,product-3,region-1,5,346
2026-08-24,product-4,region-2,6,347
2026-08-25,product-5,region-3,7,348
2026-08-26,product-6,region-4,8,349
2026-08-27,product-7,region-0,9,350
2026-08-28,product-8,region-1,1,351
2026-08-01,product-9,region-2,2,352
2026-08-02,product-10,region-3,3,353
2026-08-03,product-11,region-4,4,354
2026-08-04,product-12,region-0,5,355
2026-08-05,product-13,region-1,6,356
2026-08-06,product-14,region-2,7,357
2026-08-07,product-15,region-3,8,358
2026-08-08,product-16,region-4,9,359
2026-08-09,product-0,region-0,1,360
2026-08-10,product-1,region-1,2,361
2026-08-11,product-2,region-2,3,362
2026-08-12,product-3,region-3,4,363
2026-08-13,product-4,region-4,5,364
2026-08-14,product-5,region-0,6,365
2026-08-15,product-6,region-1,7,366
2026-08-16,product-7,region-2,8,367
2026-08-17,product-8,region-3,9,368
2026-08-18,product-9,region-4,1,369
2026-08-19,product-10,region-0,2,370
2026-08-20,product-11,region-1,3,371
2026-08-21,product-12,region-2,4,372
2026-08-22,product-13,region-3,5,373
2026-08-23,product-14,region-4,6,374
2026-08-24,product-15,region-0,7,375
2026-08-25,product-16,region-1,8,376
2026-08-26,product-0,region-2,9,377
2026-08-27,product-1,region-3,1,378
2026-08-28,product-2,region-4,2,379
2026-08-01,product-3,region-0,3,380
2026-08-02,product-4,region-1,4,381
2026-08-03,product-5,region-2,5,382
2026-08-04,product-6,region-3,6,383
2026-08-05,product-7,region-4,7,384
2026-08-06,product-8,region-0,8,385
2026-08-07,product-9,region-1,9,386
2026-08-08,product-10,region-2,1,387
2026-08-09,product-11,region-3,2,388
2026-08-10,product-12,region-4,3,389
2026-08-11,product-13,region-0,4,390
2026-08-12,product-14,region-1,5,391
2026-08-13,product-15,region-2,6,392
2026-08-14,product-16,region-3,7,393
2026-08-15,product-0,region-4,8,394
2026-08-16,product-1,region-0,9,395
2026-08-17,product-2,region-1,1,396
2026-08-18,product-3,region-2,2,397
2026-08-19,product-4,region-3,3,398
2026-08-20,product-5,region-4,4,399
2026-08-21,product-6,region-0,5,400
2026-08-22,product-7,region-1,6,401
2026-08-23,product-8,region-2,7,402
2026-08-24,product-9,region-3,8,403
2026-08-25,product-10,region-4,9,404
2026-08-26,product-11,region-0,1,405
2026-08-27,product-12,region-1,2,406
2026-08-28,product-13,region-2,3,407
2026-08-01,product-14,region-3,4,408
2026-08-02,product-15,region-4,5,409
2026-08-03,product-16,region-0,6,410
2026-08-04,product-0,region-1,7,411
2026-08-05,product-1,region-2,8,412
2026-08-06,product-2,region-3,9,413
2026-08-07,product-3,region-4,1,414
2026-08-08,product-4,region-0,2,415
2026-08-09,product-5,region-1,3,416
2026-08-10,product-6,region-2,4,417
2026-08-11,product-7,region-3,5,418
2026-08-12,product-8,region-4,6,419
2026-08-13,product-9,region-0,7,420
2026-08-14,product-10,region-1,8,421
2026-08-15,product-11,region-2,9,422
2026-08-16,product-12,region-3,1,423
2026-08-17,product-13,region-4,2,424
2026-08-18,product-14,region-0,3,425
2026-08-19,product-15,region-1,4,426
2026-08-20,product-16,region-2,5,427
2026-08-21,product-0,region-3,6,428
2026-08-22,product-1,region-4,7,429
2026-08-23,product-2,region-0,8,430
2026-08-24,product-3,region-1,9,431
2026-08-25,product-4,region-2,1,432
2026-08-26,product-5,region-3,2,433
2026-08-27,product-6,region-4,3,434
2026-08-28,product-7,region-0,4,435
2026-08-01,product-8,region-1,5,436
2026-08-02,product-9,region-2,6,437
2026-08-03,product-10,region-3,7,438
2026-08-04,product-11,region-4,8,439
2026-08-05,product-12,region-0,9,440
2026-08-06,product-13,region-1,1,441
2026-08-07,product-14,region-2,2,442
2026-08-08,product-15,region-3,3,443
2026-08-09,product-16,region-4,4,444
2026-08-10,product-0,region-0,5,445
2026-08-11,product-1,region-1,6,446
2026-08-12,product-2,region-2,7,447
2026-08-13,product-3,region-3,8,448
2026-08-14,product-4,region-4,9,449
2026-08-15,product-5,region-0,1,450
2026-08-16,product-6,region-1,2,451
2026-08-17,product-7,region-2,3,452
2026-08-18,product-8,region-3,4,453
2026-08-19,product-9,region-4,5,454
2026-08-20,product-10,region-0,6,455
2026-08-21,product-11,region-1,7,456
2026-08-22,product-12,region-2,8,457
2026-08-23,product-13,region-3,9,458
2026-08-24,product-14,region-4,1,459
2026-08-25,product-15,region-0,2,460
2026-08-26,product-16,region-1,3,461
2026-08-27,product-0,region-2,4,462
2026-08-28,product-1,region-3,5,463
2026-08-01,product-2,region-4,6,464
2026-08-02,product-3,region-0,7,465
2026-08-03,product-4,region-1,8,466
2026-08-04,product-5,region-2,9,467
2026-08-05,product-6,region-3,1,468
2026-08-06,product-7,region-4,2,469
2026-08-07,product-8,region-0,3,470
2026-08-08,product-9,region-1,4,471
2026-08-09,product-10,region-2,5,472
2026-08-10,product-11,region-3,6,473
2026-08-11,product-12,region-4,7,474
2026-08-12,product-13,region-0,8,475
2026-08-13,product-14,region-1,9,476
2026-08-14,product-15,region-2,1,477
2026-08-15,product-16,region-3,2,478
2026-08-16,product-0,region-4,3,479
2026-08-17,product-1,region-0,4,480
2026-08-18,product-2,region-1,5,481
2026-08-19,product-3,region-2,6,482
2026-08-20,product-4,region-3,7,483
2026-08-21,product-5,region-4,8,484
2026-08-22,product-6,region-0,9,485
2026-08-23,product-7,region-1,1,486
2026-08-24,product-8,region-2,2,487
2026-08-25,product-9,region-3,3,488
2026-08-26,product-10,region-4,4,489
2026-08-27,product-11,region-0,5,490
2026-08-28,product-12,region-1,6,491
2026-08-01,product-13,region-2,7,492
2026-08-02,product-14,region-3,8,493
2026-08-03,product-15,region-4,9,494
2026-08-04,product-16,region-0,1,495
2026-08-05,product-0,region-1,2,496
2026-08-06,product-1,region-2,3,497
2026-08-07,product-2,region-3,4,498
2026-08-08,product-3,region-4,5,499
2026-08-09,product-4,region-0,6,100
2026-08-10,product-5,region-1,7,101
2026-08-11,product-6,region-2,8,102
2026-08-12,product-7,region-3,9,103
2026-08-13,product-8,region-4,1,104
2026-08-14,product-9,region-0,2,105
2026-08-15,product-10,region-1,3,106
2026-08-16,product-11,region-2,4,107
2026-08-17,product-12,region-3,5,108
2026-08-18,product-13,region-4,6,109
2026-08-19,product-14,region-0,7,110
2026-08-20,product-15,region-1,8,111
2026-08-21,product-16,region-2,9,112
2026-08-22,product-0,region-3,1,113
2026-08-23,product-1,region-4,2,114
2026-08-24,product-2,region-0,3,115
2026-08-25,product-3,region-1,4,116
2026-08-26,product-4,region-2,5,117
2026-08-27,product-5,region-3,6,118
2026-08-28,product-6,region-4,7,119
2026-08-01,product-7,region-0,8,120
2026-08-02,product-8,region-1,9,121
2026-08-03,product-9,region-2,1,122
2026-08-04,product-10,region-3,2,123
2026-08-05,product-11,region-4,3,124
2026-08-06,product-12,region-0,4,125
2026-08-07,product-13,region-1,5,126
2026-08-08,product-14,region-2,6,127
2026-08-09,product-15,region-3,7,128
2026-08-10,product-16,region-4,8,129
2026-08-11,product-0,region-0,9,130
2026-08-12,product-1,region-1,1,131
2026-08-13,product-2,region-2,2,132
2026-08-14,product-3,region-3,3,133
2026-08-15,product-4,region-4,4,134
2026-08-16,product-5,region-0,5,135
2026-08-17,product-6,region-1,6,136
2026-08-18,product-7,region-2,7,137
2026-08-19,product-8,region-3,8,138
2026-08-20,product-9,region-4,9,139
2026-08-21,product-10,region-0,1,140
2026-08-22,product-11,region-1,2,141
2026-08-23,product-12,region-2,3,142
2026-08-24,product-13,region-3,4,143
2026-08-25,product-14,region-4,5,144
2026-08-26,product-15,region-0,6,145
2026-08-27,product-16,region-1,7,146
2026-08-28,product-0,region-2,8,147
2026-08-01,product-1,region-3,9,148
2026-08-02,product-2,region-4,1,149
2026-08-03,product-3,region-0,2,150
2026-08-04,product-4,region-1,3,151
2026-08-05,product-5,region-2,4,152
2026-08-06,product-6,region-3,5,153
2026-08-07,product-7,region-4,6,154
2026-08-08,product-8,region-0,7,155
2026-08-09,product-9,region-1,8,156
2026-08-10,product-10,region-2,9,157
2026-08-11,product-11,region-3,1,158
2026-08-12,product-12,region-4,2,159
2026-08-13,product-13,region-0,3,160
2026-08-14,product-14,region-1,4,161
2026-08-15,product-15,region-2,5,162
2026-08-16,product-16,region-3,6,163
2026-08-17,product-0,region-4,7,164
2026-08-18,product-1,region-0,8,165
2026-08-19,product-2,region-1,9,166
2026-08-20,product-3,region-2,1,167
2026-08-21,product-4,region-3,2,168
2026-08-22,product-5,region-4,3,169
2026-08-23,product-6,region-0,4,170
2026-08-24,product-7,region-1,5,171
2026-08-25,product-8,region-2,6,172
2026-08-26,product-9,region-3,7,173
2026-08-27,product-10,region-4,8,174
2026-08-28,product-11,region-0,9,175
2026-08-01,product-12,region-1,1,176
2026-08-02,product-13,region-2,2,177
2026-08-03,product-14,region-3,3,178
2026-08-04,product-15,region-4,4,179
2026-08-05,product-16,region-0,5,180
2026-08-06,product-0,region-1,6,181
2026-08-07,product-1,region-2,7,182
2026-08-08,product-2,region-3,8,183
2026-08-09,product-3,region-4,9,184
2026-08-10,product-4,region-0,1,185
2026-08-11,product-5,region-1,2,186
2026-08-12,product-6,region-2,3,187
2026-08-13,product-7,region-3,4,188
2026-08-14,product-8,region-4,5,189
2026-08-15,product-9,region-0,6,190
2026-08-16,product-10,region-1,7,191
2026-08-17,product-11,region-2,8,192
2026-08-18,product-12,region-3,9,193
2026-08-19,product-13,region-4,1,194
2026-08-20,product-14,region-0,2,195
2026-08-21,product-15,region-1,3,196
2026-08-22,product-16,region-2,4,197
2026-08-23,product-0,region-3,5,198
2026-08-24,product-1,region-4,6,199
2026-08-25,product-2,region-0,7,200
2026-08-26,product-3,region-1,8,201
2026-08-27,product-4,region-2,9,202
2026-08-28,product-5,region-3,1,203
2026-08-01,product-6,region-4,2,204
2026-08-02,product-7,region-0,3,205
2026-08-03,product-8,region-1,4,206
2026-08-04,product-9,region-2,5,207
2026-08-05,product-10,region-3,6,208
2026-08-06,product-11,region-4,7,209
2026-08-07,product-12,region-0,8,210
2026-08-08,product-13,region-1,9,211
2026-08-09,product-14,region-2,1,212
2026-08-10,product-15,region-3,2,213
2026-08-11,product-16,region-4,3,214
2026-08-12,product-0,region-0,4,215
2026-08-13,product-1,region-1,5,216
2026-08-14,product-2,region-2,6,217
2026-08-15,product-3,region-3,7,218
2026-08-16,product-4,region-4,8,219
2026-08-17,product-5,region-0,9,220
2026-08-18,product-6,region-1,1,221
2026-08-19,product-7,region-2,2,222
2026-08-20,product-8,region-3,3,223
2026-08-21,product-9,region-4,4,224
2026-08-22,product-10,region-0,5,225
2026-08-23,product-11,region-1,6,226
2026-08-24,product-12,region-2,7,227
2026-08-25,product-13,region-3,8,228
2026-08-26,product-14,region-4,9,229
2026-08-27,product-15,region-0,1,230
2026-08-28,product-16,region-1,2,231
2026-08-01,product-0,region-2,3,232
2026-08-02,product-1,region-3,4,233
2026-08-03,product-2,region-4,5,234
2026-08-04,product-3,region-0,6,235
2026-08-05,product-4,region-1,7,236
2026-08-06,product-5,region-2,8,237
2026-08-07,product-6,region-3,9,238
2026-08-08,product-7,region-4,1,239
2026-08-09,product-8,region-0,2,240
2026-08-10,product-9,region-1,3,241
2026-08-11,product-10,region-2,4,242
2026-08-12,product-11,region-3,5,243
2026-08-13,product-12,region-4,6,244
2026-08-14,product-13,region-0,7,245
2026-08-15,product-14,region-1,8,246
2026-08-16,product-15,region-2,9,247
2026-08-17,product-16,region-3,1,248
2026-08-18,product-0,region-4,2,249
2026-08-19,product-1,region-0,3,250
2026-08-20,product-2,region-1,4,251
2026-08-21,product-3,region-2,5,252
2026-08-22,product-4,region-3,6,253
2026-08-23,product-5,region-4,7,254
2026-08-24,product-6,region-0,8,255
2026-08-25,product-7,region-1,9,256
2026-08-26,product-8,region-2,1,257
2026-08-27,product-9,region-3,2,258
2026-08-28,product-10,region-4,3,259
2026-08-01,product-11,region-0,4,260
2026-08-02,product-12,region-1,5,261
2026-08-03,product-13,region-2,6,262
2026-08-04,product-14,region-3,7,263
2026-08-05,product-15,region-4,8,264
2026-08-06,product-16,region-0,9,265
2026-08-07,product-0,region-1,1,266
2026-08-08,product-1,region-2,2,267
2026-08-09,product-2,region-3,3,268
2026-08-10,product-3,region-4,4,269
2026-08-11,product-4,region-0,5,270
2026-08-12,product-5,region-1,6,271
2026-08-13,product-6,region-2,7,272
2026-08-14,product-7,region-3,8,273
2026-08-15,product-8,region-4,9,274
2026-08-16,product-9,region-0,1,275
2026-08-17,product-10,region-1,2,276
2026-08-18,product-11,region-2,3,277
2026-08-19,product-12,region-3,4,278
2026-08-20,product-13,region-4,5,279
2026-08-21,product-14,region-0,6,280
2026-08-22,product-15,region-1,7,281
2026-08-23,product-16,region-2,8,282
2026-08-24,product-0,region-3,9,283
2026-08-25,product-1,region-4,1,284
2026-08-26,product-2,region-0,2,285
2026-08-27,product-3,region-1,3,286
2026-08-28,product-4,region-2,4,287
2026-08-01,product-5,region-3,5,288
2026-08-02,product-6,region-4,6,289
2026-08-03,product-7,region-0,7,290
2026-08-04,product-8,region-1,8,291
2026-08-05,product-9,region-2,9,292
2026-08-06,product-10,region-3,1,293
2026-08-07,product-11,region-4,2,294
2026-08-08,product-12,region-0,3,295
2026-08-09,product-13,region-1,4,296
2026-08-10,product-14,region-2,5,297
2026-08-11,product-15,region-3,6,298
2026-08-12,product-16,region-4,7,299
2026-08-13,product-0,region-0,8,300
2026-08-14,product-1,region-1,9,301
2026-08-15,product-2,region-2,1,302
2026-08-16,product-3,region-3,2,303
2026-08-17,product-4,region-4,3,304
2026-08-18,product-5,region-0,4,305
2026-08-19,product-6,region-1,5,306
2026-08-20,product-7,region-2,6,307
2026-08-21,product-8,region-3,7,308
2026-08-22,product-9,region-4,8,309
2026-08-23,product-10,region-0,9,310
2026-08-24,product-11,region-1,1,311
2026-08-25,product-12,region-2,2,312
2026-08-26,product-13,region-3,3,313
2026-08-27,product-14,region-4,4,314
2026-08-28,product-15,region-0,5,315
2026-08-01,product-16,region-1,6,316
2026-08-02,product-0,region-2,7,317
2026-08-03,product-1,region-3,8,318
2026-08-04,product-2,region-4,9,319
2026-08-05,product-3,region-0,1,320
2026-08-06,product-4,region-1,2,321
2026-08-07,product-5,region-2,3,322
2026-08-08,product-6,region-3,4,323
2026-08-09,product-7,region-4,5,324
2026-08-10,product-8,region-0,6,325
2026-08-11,product-9,region-1,7,326
2026-08-12,product-10,region-2,8,327
2026-08-13,product-11,region-3,9,328
2026-08-14,product-12,region-4,1,329
2026-08-15,product-13,region-0,2,330
2026-08-16,product-14,region-1,3,331
2026-08-17,product-15,region-2,4,332
2026-08-18,product-16,region-3,5,333
2026-08-19,product-0,region-4,6,334
2026-08-20,product-1,region-0,7,335
2026-08-21,product-2,region-1,8,336
2026-08-22,product-3,region-2,9,337
2026-08-23,product-4,region-3,1,338
2026-08-24,product-5,region-4,2,339
2026-08-25,product-6,region-0,3,340
2026-08-26,product-7,region-1,4,341
2026-08-27,product-8,region-2,5,342
2026-08-28,product-9,region-3,6,343
2026-08-01,product-10,region-4,7,344
2026-08-02,product-11,region-0,8,345
2026-08-03,product-12,region-1,9,346
2026-08-04,product-13,region-2,1,347
2026-08-05,product-14,region-3,2,348
2026-08-06,product-15,region-4,3,349
2026-08-07,product-16,region-0,4,350
2026-08-08,product-0,region-1,5,351
2026-08-09,product-1,region-2,6,352
2026-08-10,product-2,region-3,7,353
2026-08-11,product-3,region-4,8,354
2026-08-12,product-4,region-0,9,355
2026-08-13,product-5,region-1,1,356
2026-08-14,product-6,region-2,2,357
2026-08-15,product-7,region-3,3,358
2026-08-16,product-8,region-4,4,359
2026-08-17,product-9,region-0,5,360
2026-08-18,product-10,region-1,6,361
2026-08-19,product-11,region-2,7,362
2026-08-20,product-12,region-3,8,363
2026-08-21,product-13,region-4,9,364
2026-08-22,product-14,region-0,1,365
2026-08-23,product-15,region-1,2,366
2026-08-24,product-16,region-2,3,367
2026-08-25,product-0,region-3,4,368
2026-08-26,product-1,region-4,5,369
2026-08-27,product-2,region-0,6,370
2026-08-28,product-3,region-1,7,371
2026-08-01,product-4,region-2,8,372
2026-08-02,product-5,region-3,9,373
2026-08-03,product-6,region-4,1,374
2026-08-04,product-7,region-0,2,375
2026-08-05,product-8,region-1,3,376
2026-08-06,product-9,region-2,4,377
2026-08-07,product-10,region-3,5,378
2026-08-08,product-11,region-4,6,379
2026-08-09,product-12,region-0,7,380
2026-08-10,product-13,region-1,8,381
2026-08-11,product-14,region-2,9,382
2026-08-12,product-15,region-3,1,383
2026-08-13,product-16,region-4,2,384
2026-08-14,product-0,region-0,3,385
2026-08-15,product-1,region-1,4,386
2026-08-16,product-2,region-2,5,387
2026-08-17,product-3,region-3,6,388
2026-08-18,product-4,region-4,7,389
2026-08-19,product-5,region-0,8,390
2026-08-20,product-6,region-1,9,391
2026-08-21,product-7,region-2,1,392
2026-08-22,product-8,region-3,2,393
2026-08-23,product-9,region-4,3,394
2026-08-24,product-10,region-0,4,395
2026-08-25,product-11,region-1,5,396
2026-08-26,product-12,region-2,6,397
2026-08-27,product-13,region-3,7,398
2026-08-28,product-14,region-4,8,399
2026-08-01,product-15,region-0,9,400
2026-08-02,product-16,region-1,1,401
2026-08-03,product-0,region-2,2,402
2026-08-04,product-1,region-3,3,403
2026-08-05,product-2,region-4,4,404
2026-08-06,product-3,region-0,5,405
2026-08-07,product-4,region-1,6,406
2026-08-08,product-5,region-2,7,407
2026-08-09,product-6,region-3,8,408
2026-08-10,product-7,region-4,9,409
2026-08-11,product-8,region-0,1,410
2026-08-12,product-9,region-1,2,411
2026-08-13,product-10,region-2,3,412
2026-08-14,product-11,region-3,4,413
2026-08-15,product-12,region-4,5,414
2026-08-16,product-13,region-0,6,415
2026-08-17,product-14,region-1,7,416
2026-08-18,product-15,region-2,8,417
2026-08-19,product-16,region-3,9,418
2026-08-20,product-0,region-4,1,419
2026-08-21,product-1,region-0,2,420
2026-08-22,product-2,region-1,3,421
2026-08-23,product-3,region-2,4,422
2026-08-24,product-4,region-3,5,423
2026-08-25,product-5,region-4,6,424
2026-08-26,product-6,region-0,7,425
2026-08-27,product-7,region-1,8,426
2026-08-28,product-8,region-2,9,427
2026-08-01,product-9,region-3,1,428
2026-08-02,product-10,region-4,2,429
2026-08-03,product-11,region-0,3,430
2026-08-04,product-12,region-1,4,431
2026-08-05,product-13,region-2,5,432
2026-08-06,product-14,region-3,6,433
2026-08-07,product-15,region-4,7,434
2026-08-08,product-16,region-0,8,435
2026-08-09,product-0,region-1,9,436
2026-08-10,product-1,region-2,1,437
2026-08-11,product-2,region-3,2,438
2026-08-12,product-3,region-4,3,439
2026-08-13,product-4,region-0,4,440
2026-08-14,product-5,region-1,5,441
2026-08-15,product-6,region-2,6,442
2026-08-16,product-7,region-3,7,443
2026-08-17,product-8,region-4,8,444
2026-08-18,product-9,region-0,9,445
2026-08-19,product-10,region-1,1,446
2026-08-20,product-11,region-2,2,447
2026-08-21,product-12,region-3,3,448
2026-08-22,product-13,region-4,4,449
2026-08-23,product-14,region-0,5,450
2026-08-24,product-15,region-1,6,451
2026-08-25,product-16,region-2,7,452
2026-08-26,product-0,region-3,8,453
2026-08-27,product-1,region-4,9,454
2026-08-28,product-2,region-0,1,455
2026-08-01,product-3,region-1,2,456
2026-08-02,product-4,region-2,3,457
2026-08-03,product-5,region-3,4,458
2026-08-04,product-6,region-4,5,459
2026-08-05,product-7,region-0,6,460
2026-08-06,product-8,region-1,7,461
2026-08-07,product-9,region-2,8,462
2026-08-08,product-10,region-3,9,463
2026-08-09,product-11,region-4,1,464
2026-08-10,product-12,region-0,2,465
2026-08-11,product-13,region-1,3,466
2026-08-12,product-14,region-2,4,467
2026-08-13,product-15,region-3,5,468
2026-08-14,product-16,region-4,6,469
2026-08-15,product-0,region-0,7,470
2026-08-16,product-1,region-1,8,471
2026-08-17,product-2,region-2,9,472
2026-08-18,product-3,region-3,1,473
2026-08-19,product-4,region-4,2,474
2026-08-20,product-5,region-0,3,475
2026-08-21,product-6,region-1,4,476
2026-08-22,product-7,region-2,5,477
2026-08-23,product-8,region-3,6,478
2026-08-24,product-9,region-4,7,479
2026-08-25,product-10,region-0,8,480
2026-08-26,product-11,region-1,9,481
2026-08-27,product-12,region-2,1,482
2026-08-28,product-13,region-3,2,483
2026-08-01,product-14,region-4,3,484
2026-08-02,product-15,region-0,4,485
2026-08-03,product-16,region-1,5,486
2026-08-04,product-0,region-2,6,487
2026-08-05,product-1,region-3,7,488
2026-08-06,product-2,region-4,8,489
2026-08-07,product-3,region-0,9,490
2026-08-08,product-4,region-1,1,491
2026-08-09,product-5,region-2,2,492
2026-08-10,product-6,region-3,3,493
2026-08-11,product-7,region-4,4,494
2026-08-12,product-8,region-0,5,495
2026-08-13,product-9,region-1,6,496
2026-08-14,product-10,region-2,7,497
2026-08-15,product-11,region-3,8,498
2026-08-16,product-12,region-4,9,499
2026-08-17,product-13,region-0,1,100
2026-08-18,product-14,region-1,2,101
2026-08-19,product-15,region-2,3,102
2026-08-20,product-16,region-3,4,103
2026-08-21,product-0,region-4,5,104
2026-08-22,product-1,region-0,6,105
2026-08-23,product-2,region-1,7,106
2026-08-24,product-3,region-2,8,107
2026-08-25,product-4,region-3,9,108
2026-08-26,product-5,region-4,1,109
2026-08-27,product-6,region-0,2,110
2026-08-28,product-7,region-1,3,111
2026-08-01,product-8,region-2,4,112
2026-08-02,product-9,region-3,5,113
2026-08-03,product-10,region-4,6,114
2026-08-04,product-11,region-0,7,115
2026-08-05,product-12,region-1,8,116
2026-08-06,product-13,region-2,9,117
2026-08-07,product-14,region-3,1,118
2026-08-08,product-15,region-4,2,119
2026-08-09,product-16,region-0,3,120
2026-08-10,product-0,region-1,4,121
2026-08-11,product-1,region-2,5,122
2026-08-12,product-2,region-3,6,123
2026-08-13,product-3,region-4,7,124
2026-08-14,product-4,region-0,8,125
2026-08-15,product-5,region-1,9,126
2026-08-16,product-6,region-2,1,127
2026-08-17,product-7,region-3,2,128
2026-08-18,product-8,region-4,3,129
2026-08-19,product-9,region-0,4,130
2026-08-20,product-10,region-1,5,131
2026-08-21,product-11,region-2,6,132
2026-08-22,product-12,region-3,7,133
2026-08-23,product-13,region-4,8,134
2026-08-24,product-14,region-0,9,135
2026-08-25,product-15,region-1,1,136
2026-08-26,product-16,region-2,2,137
2026-08-27,product-0,region-3,3,138
2026-08-28,product-1,region-4,4,139
2026-08-01,product-2,region-0,5,140
2026-08-02,product-3,region-1,6,141
2026-08-03,product-4,region-2,7,142
2026-08-04,product-5,region-3,8,143
2026-08-05,product-6,region-4,9,144
2026-08-06,product-7,region-0,1,145
2026-08-07,product-8,region-1,2,146
2026-08-08,product-9,region-2,3,147
2026-08-09,product-10,region-3,4,148
2026-08-10,product-11,region-4,5,149
2026-08-11,product-12,region-0,6,150
2026-08-12,product-13,region-1,7,151
2026-08-13,product-14,region-2,8,152
2026-08-14,product-15,region-3,9,153
2026-08-15,product-16,region-4,1,154
2026-08-16,product-0,region-0,2,155
2026-08-17,product-1,region-1,3,156
2026-08-18,product-2,region-2,4,157
2026-08-19,product-3,region-3,5,158
2026-08-20,product-4,region-4,6,159
2026-08-21,product-5,region-0,7,160
2026-08-22,product-6,region-1,8,161
2026-08-23,product-7,region-2,9,162
2026-08-24,product-8,region-3,1,163
2026-08-25,product-9,region-4,2,164
2026-08-26,product-10,region-0,3,165
2026-08-27,product-11,region-1,4,166
2026-08-28,product-12,region-2,5,167
2026-08-01,product-13,region-3,6,168
2026-08-02,product-14,region-4,7,169
2026-08-03,product-15,region-0,8,170
2026-08-04,product-16,region-1,9,171
2026-08-05,product-0,region-2,1,172
2026-08-06,product-1,region-3,2,173
2026-08-07,product-2,region-4,3,174
2026-08-08,product-3,region-0,4,175
2026-08-09,product-4,region-1,5,176
2026-08-10,product-5,region-2,6,177
2026-08-11,product-6,region-3,7,178
2026-08-12,product-7,region-4,8,179
2026-08-13,product-8,region-0,9,180
2026-08-14,product-9,region-1,1,181
2026-08-15,product-10,region-2,2,182
2026-08-16,product-11,region-3,3,183
2026-08-17,product-12,region-4,4,184
2026-08-18,product-13,region-0,5,185
2026-08-19,product-14,region-1,6,186
2026-08-20,product-15,region-2,7,187
2026-08-21,product-16,region-3,8,188
2026-08-22,product-0,region-4,9,189
2026-08-23,product-1,region-0,1,190
2026-08-24,product-2,region-1,2,191
2026-08-25,product-3,region-2,3,192
2026-08-26,product-4,region-3,4,193
2026-08-27,product-5,region-4,5,194
2026-08-28,product-6,region-0,6,195
2026-08-01,product-7,region-1,7,196
2026-08-02,product-8,region-2,8,197
2026-08-03,product-9,region-3,9,198
2026-08-04,product-10,region-4,1,199
2026-08-05,product-11,region-0,2,200
2026-08-06,product-12,region-1,3,201
2026-08-07,product-13,region-2,4,202
2026-08-08,product-14,region-3,5,203
2026-08-09,product-15,region-4,6,204
2026-08-10,product-16,region-0,7,205
2026-08-11,product-0,region-1,8,206
2026-08-12,product-1,region-2,9,207
2026-08-13,product-2,region-3,1,208
2026-08-14,product-3,region-4,2,209
2026-08-15,product-4,region-0,3,210
2026-08-16,product-5,region-1,4,211
2026-08-17,product-6,region-2,5,212
2026-08-18,product-7,region-3,6,213
2026-08-19,product-8,region-4,7,214
2026-08-20,product-9,region-0,8,215
2026-08-21,product-10,region-1,9,216
2026-08-22,product-11,region-2,1,217
2026-08-23,product-12,region-3,2,218
2026-08-24,product-13,region-4,3,219
2026-08-25,product-14,region-0,4,220
2026-08-26,product-15,region-1,5,221
2026-08-27,product-16,region-2,6,222
2026-08-28,product-0,region-3,7,223
2026-08-01,product-1,region-4,8,224
2026-08-02,product-2,region-0,9,225
2026-08-03,product-3,region-1,1,226
2026-08-04,product-4,region-2,2,227
2026-08-05,product-5,region-3,3,228
2026-08-06,product-6,region-4,4,229
2026-08-07,product-7,region-0,5,230
2026-08-08,product-8,region-1,6,231
2026-08-09,product-9,region-2,7,232
2026-08-10,product-10,region-3,8,233
2026-08-11,product-11,region-4,9,234
2026-08-12,product-12,region-0,1,235
2026-08-13,product-13,region-1,2,236
2026-08-14,product-14,region-2,3,237
2026-08-15,product-15,region-3,4,238
2026-08-16,product-16,region-4,5,239
2026-08-17,product-0,region-0,6,240
2026-08-18,product-1,region-1,7,241
2026-08-19,product-2,region-2,8,242
2026-08-20,product-3,region-3,9,243
2026-08-21,product-4,region-4,1,244
2026-08-22,product-5,region-0,2,245
2026-08-23,product-6,region-1,3,246
2026-08-24,product-7,region-2,4,247
2026-08-25,product-8,region-3,5,248
2026-08-26,product-9,region-4,6,249
2026-08-27,product-10,region-0,7,250
2026-08-28,product-11,region-1,8,251
2026-08-01,product-12,region-2,9,252
2026-08-02,product-13,region-3,1,253
2026-08-03,product-14,region-4,2,254
2026-08-04,product-15,region-0,3,255
2026-08-05,product-16,region-1,4,256
2026-08-06,product-0,region-2,5,257
2026-08-07,product-1,region-3,6,258
2026-08-08,product-2,region-4,7,259
2026-08-09,product-3,region-0,8,260
2026-08-10,product-4,region-1,9,261
2026-08-11,product-5,region-2,1,262
2026-08-12,product-6,region-3,2,263
2026-08-13,product-7,region-4,3,264
2026-08-14,product-8,region-0,4,265
2026-08-15,product-9,region-1,5,266
2026-08-16,product-10,region-2,6,267
2026-08-17,product-11,region-3,7,268
2026-08-18,product-12,region-4,8,269
2026-08-19,product-13,region-0,9,270
2026-08-20,product-14,region-1,1,271
2026-08-21,product-15,region-2,2,272
2026-08-22,product-16,region-3,3,273
2026-08-23,product-0,region-4,4,274
2026-08-24,product-1,region-0,5,275
2026-08-25,product-2,region-1,6,276
2026-08-26,product-3,region-2,7,277
2026-08-27,product-4,region-3,8,278
2026-08-28,product-5,region-4,9,279
2026-08-01,product-6,region-0,1,280
2026-08-02,product-7,region-1,2,281
2026-08-03,product-8,region-2,3,282
2026-08-04,product-9,region-3,4,283
2026-08-05,product-10,region-4,5,284
2026-08-06,product-11,region-0,6,285
2026-08-07,product-12,region-1,7,286
2026-08-08,product-13,region-2,8,287
2026-08-09,product-14,region-3,9,288
2026-08-10,product-15,region-4,1,289
2026-08-11,product-16,region-0,2,290
2026-08-12,product-0,region-1,3,291
2026-08-13,product-1,region-2,4,292
2026-08-14,product-2,region-3,5,293
2026-08-15,product-3,region-4,6,294
2026-08-16,product-4,region-0,7,295
2026-08-17,product-5,region-1,8,296
2026-08-18,product-6,region-2,9,297
2026-08-19,product-7,region-3,1,298
2026-08-20,product-8,region-4,2,299
2026-08-21,product-9,region-0,3,300
2026-08-22,product-10,region-1,4,301
2026-08-23,product-11,region-2,5,302
2026-08-24,product-12,region-3,6,303
2026-08-25,product-13,region-4,7,304
2026-08-26,product-14,region-0,8,305
2026-08-27,product-15,region-1,9,306
2026-08-28,product-16,region-2,1,307
2026-08-01,product-0,region-3,2,308
2026-08-02,product-1,region-4,3,309
2026-08-03,product-2,region-0,4,310
2026-08-04,product-3,region-1,5,311
2026-08-05,product-4,region-2,6,312
2026-08-06,product-5,region-3,7,313
2026-08-07,product-6,region-4,8,314
2026-08-08,product-7,region-0,9,315
2026-08-09,product-8,region-1,1,316
2026-08-10,product-9,region-2,2,317
2026-08-11,product-10,region-3,3,318
2026-08-12,product-11,region-4,4,319
2026-08-13,product-12,region-0,5,320
2026-08-14,product-13,region-1,6,321
2026-08-15,product-14,region-2,7,322
2026-08-16,product-15,region-3,8,323
2026-08-17,product-16,region-4,9,324
2026-08-18,product-0,region-0,1,325
2026-08-19,product-1,region-1,2,326
2026-08-20,product-2,region-2,3,327
2026-08-21,product-3,region-3,4,328
2026-08-22,product-4,region-4,5,329
2026-08-23,product-5,region-0,6,330
2026-08-24,product-6,region-1,7,331
2026-08-25,product-7,region-2,8,332
2026-08-26,product-8,region-3,9,333
2026-08-27,product-9,region-4,1,334
2026-08-28,product-10,region-0,2,335
2026-08-01,product-11,region-1,3,336
2026-08-02,product-12,region-2,4,337
2026-08-03,product-13,region-3,5,338
2026-08-04,product-14,region-4,6,339
2026-08-05,product-15,region-0,7,340
2026-08-06,product-16,region-1,8,341
2026-08-07,product-0,region-2,9,342
2026-08-08,product-1,region-3,1,343
2026-08-09,product-2,region-4,2,344
2026-08-10,product-3,region-0,3,345
2026-08-11,product-4,region-1,4,346
2026-08-12,product-5,region-2,5,347
2026-08-13,product-6,region-3,6,348
2026-08-14,product-7,region-4,7,349
2026-08-15,product-8,region-0,8,350
2026-08-16,product-9,region-1,9,351
2026-08-17,product-10,region-2,1,352
2026-08-18,product-11,region-3,2,353
2026-08-19,product-12,region-4,3,354
2026-08-20,product-13,region-0,4,355
2026-08-21,product-14,region-1,5,356
2026-08-22,product-15,region-2,6,357
2026-08-23,product-16,region-3,7,358
2026-08-24,product-0,region-4,8,359
2026-08-25,product-1,region-0,9,360
2026-08-26,product-2,region-1,1,361
2026-08-27,product-3,region-2,2,362
2026-08-28,product-4,region-3,3,363
2026-08-01,product-5,region-4,4,364
2026-08-02,product-6,region-0,5,365
2026-08-03,product-7,region-1,6,366
2026-08-04,product-8,region-2,7,367
2026-08-05,product-9,region-3,8,368
2026-08-06,product-10,region-4,9,369
2026-08-07,product-11,region-0,1,370
2026-08-08,product-12,region-1,2,371
2026-08-09,product-13,region-2,3,372
2026-08-10,product-14,region-3,4,373
2026-08-11,product-15,region-4,5,374
2026-08-12,product-16,region-0,6,375
2026-08-13,product-0,region-1,7,376
2026-08-14,product-1,region-2,8,377
2026-08-15,product-2,region-3,9,378
2026-08-16,product-3,region-4,1,379
2026-08-17,product-4,region-0,2,380
2026-08-18,product-5,region-1,3,381
2026-08-19,product-6,region-2,4,382
2026-08-20,product-7,region-3,5,383
2026-08-21,product-8,region-4,6,384
2026-08-22,product-9,region-0,7,385
2026-08-23,product-10,region-1,8,386
2026-08-24,product-11,region-2,9,387
2026-08-25,product-12,region-3,1,388
2026-08-26,product-13,region-4,2,389
2026-08-27,product-14,region-0,3,390
2026-08-28,product-15,region-1,4,391
2026-08-01,product-16,region-2,5,392
2026-08-02,product-0,region-3,6,393
2026-08-03,product-1,region-4,7,394
2026-08-04,product-2,region-0,8,395
2026-08-05,product-3,region-1,9,396
2026-08-06,product-4,region-2,1,397
2026-08-07,product-5,region-3,2,398
2026-08-08,product-6,region-4,3,399
2026-08-09,product-7,region-0,4,400
2026-08-10,product-8,region-1,5,401
2026-08-11,product-9,region-2,6,402
2026-08-12,product-10,region-3,7,403
2026-08-13,product-11,region-4,8,404
2026-08-14,product-12,region-0,9,405
2026-08-15,product-13,region-1,1,406
2026-08-16,product-14,region-2,2,407
2026-08-17,product-15,region-3,3,408
2026-08-18,product-16,region-4,4,409
2026-08-19,product-0,region-0,5,410
2026-08-20,product-1,region-1,6,411
2026-08-21,product-2,region-2,7,412
2026-08-22,product-3,region-3,8,413
2026-08-23,product-4,region-4,9,414
2026-08-24,product-5,region-0,1,415
2026-08-25,product-6,region-1,2,416
2026-08-26,product-7,region-2,3,417
2026-08-27,product-8,region-3,4,418
2026-08-28,product-9,region-4,5,419
2026-08-01,product-10,region-0,6,420
2026-08-02,product-11,region-1,7,421
2026-08-03,product-12,region-2,8,422
2026-08-04,product-13,region-3,9,423
2026-08-05,product-14,region-4,1,424
2026-08-06,product-15,region-0,2,425
2026-08-07,product-16,region-1,3,426
2026-08-08,product-0,region-2,4,427
2026-08-09,product-1,region-3,5,428
2026-08-10,product-2,region-4,6,429
2026-08-11,product-3,region-0,7,430
2026-08-12,product-4,region-1,8,431
2026-08-13,product-5,region-2,9,432
2026-08-14,product-6,region-3,1,433
2026-08-15,product-7,region-4,2,434
2026-08-16,product-8,region-0,3,435
2026-08-17,product-9,region-1,4,436
2026-08-18,product-10,region-2,5,437
2026-08-19,product-11,region-3,6,438
2026-08-20,product-12,region-4,7,439
2026-08-21,product-13,region-0,8,440
2026-08-22,product-14,region-1,9,441
2026-08-23,product-15,region-2,1,442
2026-08-24,product-16,region-3,2,443
2026-08-25,product-0,region-4,3,444
2026-08-26,product-1,region-0,4,445
2026-08-27,product-2,region-1,5,446
2026-08-28,product-3,region-2,6,447
2026-08-01,product-4,region-3,7,448
2026-08-02,product-5,region-4,8,449
2026-08-03,product-6,region-0,9,450
2026-08-04,product-7,region-1,1,451
2026-08-05,product-8,region-2,2,452
2026-08-06,product-9,region-3,3,453
2026-08-07,product-10,region-4,4,454
2026-08-08,product-11,region-0,5,455
2026-08-09,product-12,region-1,6,456
2026-08-10,product-13,region-2,7,457
2026-08-11,product-14,region-3,8,458
2026-08-12,product-15,region-4,9,459
2026-08-13,product-16,region-0,1,460
2026-08-14,product-0,region-1,2,461
2026-08-15,product-1,region-2,3,462
2026-08-16,product-2,region-3,4,463
2026-08-17,product-3,region-4,5,464
2026-08-18,product-4,region-0,6,465
2026-08-19,product-5,region-1,7,466
2026-08-20,product-6,region-2,8,467
2026-08-21,product-7,region-3,9,468
2026-08-22,product-8,region-4,1,469
2026-08-23,product-9,region-0,2,470
2026-08-24,product-10,region-1,3,471
2026-08-25,product-11,region-2,4,472
2026-08-26,product-12,region-3,5,473
2026-08-27,product-13,region-4,6,474
2026-08-28,product-14,region-0,7,475
2026-08-01,product-15,region-1,8,476
2026-08-02,product-16,region-2,9,477
2026-08-03,product-0,region-3,1,478
2026-08-04,product-1,region-4,2,479
2026-08-05,product-2,region-0,3,480
2026-08-06,product-3,region-1,4,481
2026-08-07,product-4,region-2,5,482
2026-08-08,product-5,region-3,6,483
2026-08-09,product-6,region-4,7,484
2026-08-10,product-7,region-0,8,485
2026-08-11,product-8,region-1,9,486
2026-08-12,product-9,region-2,1,487
2026-08-13,product-10,region-3,2,488
2026-08-14,product-11,region-4,3,489
2026-08-15,product-12,region-0,4,490
2026-08-16,product-13,region-1,5,491
2026-08-17,product-14,region-2,6,492
2026-08-18,product-15,region-3,7,493
2026-08-19,product-16,region-4,8,494
2026-08-20,product-0,region-0,9,495
2026-08-21,product-1,region-1,1,496
2026-08-22,product-2,region-2,2,497
2026-08-23,product-3,region-3,3,498
2026-08-24,product-4,region-4,4,499
2026-08-25,product-5,region-0,5,100
2026-08-26,product-6,region-1,6,101
2026-08-27,product-7,region-2,7,102
2026-08-28,product-8,region-3,8,103
2026-08-01,product-9,region-4,9,104
2026-08-02,product-10,region-0,1,105
2026-08-03,product-11,region-1,2,106
2026-08-04,product-12,region-2,3,107
2026-08-05,product-13,region-3,4,108
2026-08-06,product-14,region-4,5,109
2026-08-07,product-15,region-0,6,110
2026-08-08,product-16,region-1,7,111
2026-08-09,product-0,region-2,8,112
2026-08-10,product-1,region-3,9,113
2026-08-11,product-2,region-4,1,114
2026-08-12,product-3,region-0,2,115
2026-08-13,product-4,region-1,3,116
2026-08-14,product-5,region-2,4,117
2026-08-15,product-6,region-3,5,118
2026-08-16,product-7,region-4,6,119
2026-08-17,product-8,region-0,7,120
2026-08-18,product-9,region-1,8,121
2026-08-19,product-10,region-2,9,122
2026-08-20,product-11,region-3,1,123
2026-08-21,product-12,region-4,2,124
2026-08-22,product-13,region-0,3,125
2026-08-23,product-14,region-1,4,126
2026-08-24,product-15,region-2,5,127
2026-08-25,product-16,region-3,6,128
2026-08-26,product-0,region-4,7,129
2026-08-27,product-1,region-0,8,130
2026-08-28,product-2,region-1,9,131
2026-08-01,product-3,region-2,1,132
2026-08-02,product-4,region-3,2,133
2026-08-03,product-5,region-4,3,134
2026-08-04,product-6,region-0,4,135
2026-08-05,product-7,region-1,5,136
2026-08-06,product-8,region-2,6,137
2026-08-07,product-9,region-3,7,138
2026-08-08,product-10,region-4,8,139
2026-08-09,product-11,region-0,9,140
2026-08-10,product-12,region-1,1,141
2026-08-11,product-13,region-2,2,142
2026-08-12,product-14,region-3,3,143
2026-08-13,product-15,region-4,4,144
2026-08-14,product-16,region-0,5,145
2026-08-15,product-0,region-1,6,146
2026-08-16,product-1,region-2,7,147
2026-08-17,product-2,region-3,8,148
2026-08-18,product-3,region-4,9,149
2026-08-19,product-4,region-0,1,150
2026-08-20,product-5,region-1,2,151
2026-08-21,product-6,region-2,3,152
2026-08-22,product-7,region-3,4,153
2026-08-23,product-8,region-4,5,154
2026-08-24,product-9,region-0,6,155
2026-08-25,product-10,region-1,7,156
2026-08-26,product-11,region-2,8,157
2026-08-27,product-12,region-3,9,158
2026-08-28,product-13,region-4,1,159
2026-08-01,product-14,region-0,2,160
2026-08-02,product-15,region-1,3,161
2026-08-03,product-16,region-2,4,162
2026-08-04,product-0,region-3,5,163
2026-08-05,product-1,region-4,6,164
2026-08-06,product-2,region-0,7,165
2026-08-07,product-3,region-1,8,166
2026-08-08,product-4,region-2,9,167
2026-08-09,product-5,region-3,1,168
2026-08-10,product-6,region-4,2,169
2026-08-11,product-7,region-0,3,170
2026-08-12,product-8,region-1,4,171
2026-08-13,product-9,region-2,5,172
2026-08-14,product-10,region-3,6,173
2026-08-15,product-11,region-4,7,174
2026-08-16,product-12,region-0,8,175
2026-08-17,product-13,region-1,9,176
2026-08-18,product-14,region-2,1,177
2026-08-19,product-15,region-3,2,178
2026-08-20,product-16,region-4,3,179
2026-08-21,product-0,region-0,4,180
2026-08-22,product-1,region-1,5,181
2026-08-23,product-2,region-2,6,182
2026-08-24,product-3,region-3,7,183
2026-08-25,product-4,region-4,8,184
2026-08-26,product-5,region-0,9,185
2026-08-27,product-6,region-1,1,186
2026-08-28,product-7,region-2,2,187
2026-08-01,product-8,region-3,3,188
2026-08-02,product-9,region-4,4,189
2026-08-03,product-10,region-0,5,190
2026-08-04,product-11,region-1,6,191
2026-08-05,product-12,region-2,7,192
2026-08-06,product-13,region-3,8,193
2026-08-07,product-14,region-4,9,194
2026-08-08,product-15,region-0,1,195
2026-08-09,product-16,region-1,2,196
2026-08-10,product-0,region-2,3,197
2026-08-11,product-1,region-3,4,198
2026-08-12,product-2,region-4,5,199
2026-08-13,product-3,region-0,6,200
2026-08-14,product-4,region-1,7,201
2026-08-15,product-5,region-2,8,202
2026-08-16,product-6,region-3,9,203
2026-08-17,product-7,region-4,1,204
2026-08-18,product-8,region-0,2,205
2026-08-19,product-9,region-1,3,206
2026-08-20,product-10,region-2,4,207
2026-08-21,product-11,region-3,5,208
2026-08-22,product-12,region-4,6,209
2026-08-23,product-13,region-0,7,210
2026-08-24,product-14,region-1,8,211
2026-08-25,product-15,region-2,9,212
2026-08-26,product-16,region-3,1,213
2026-08-27,product-0,region-4,2,214
2026-08-28,product-1,region-0,3,215
2026-08-01,product-2,region-1,4,216
2026-08-02,product-3,region-2,5,217
2026-08-03,product-4,region-3,6,218
2026-08-04,product-5,region-4,7,219
2026-08-05,product-6,region-0,8,220
2026-08-06,product-7,region-1,9,221
2026-08-07,product-8,region-2,1,222
2026-08-08,product-9,region-3,2,223
2026-08-09,product-10,region-4,3,224
2026-08-10,product-11,region-0,4,225
2026-08-11,product-12,region-1,5,226
2026-08-12,product-13,region-2,6,227
2026-08-13,product-14,region-3,7,228
2026-08-14,product-15,region-4,8,229
2026-08-15,product-16,region-0,9,230
2026-08-16,product-0,region-1,1,231
2026-08-17,product-1,region-2,2,232
2026-08-18,product-2,region-3,3,233
2026-08-19,product-3,region-4,4,234
2026-08-20,product-4,region-0,5,235
2026-08-21,product-5,region-1,6,236
2026-08-22,product-6,region-2,7,237
2026-08-23,product-7,region-3,8,238
2026-08-24,product-8,region-4,9,239
2026-08-25,product-9,region-0,1,240
2026-08-26,product-10,region-1,2,241
2026-08-27,product-11,region-2,3,242
2026-08-28,product-12,region-3,4,243
2026-08-01,product-13,region-4,5,244
2026-08-02,product-14,region-0,6,245
2026-08-03,product-15,region-1,7,246
2026-08-04,product-16,region-2,8,247
2026-08-05,product-0,region-3,9,248
2026-08-06,product-1,region-4,1,249
2026-08-07,product-2,region-0,2,250
2026-08-08,product-3,region-1,3,251
2026-08-09,product-4,region-2,4,252
2026-08-10,product-5,region-3,5,253
2026-08-11,product-6,region-4,6,254
2026-08-12,product-7,region-0,7,255
2026-08-13,product-8,region-1,8,256
2026-08-14,product-9,region-2,9,257
2026-08-15,product-10,region-3,1,258
2026-08-16,product-11,region-4,2,259
2026-08-17,product-12,region-0,3,260
2026-08-18,product-13,region-1,4,261
2026-08-19,product-14,region-2,5,262
2026-08-20,product-15,region-3,6,263
2026-08-21,product-16,region-4,7,264
2026-08-22,product-0,region-0,8,265
2026-08-23,product-1,region-1,9,266
2026-08-24,product-2,region-2,1,267
2026-08-25,product-3,region-3,2,268
2026-08-26,product-4,region-4,3,269
2026-08-27,product-5,region-0,4,270
2026-08-28,product-6,region-1,5,271
2026-08-01,product-7,region-2,6,272
2026-08-02,product-8,region-3,7,273
2026-08-03,product-9,region-4,8,274
2026-08-04,product-10,region-0,9,275
2026-08-05,product-11,region-1,1,276
2026-08-06,product-12,region-2,2,277
2026-08-07,product-13,region-3,3,278
2026-08-08,product-14,region-4,4,279
2026-08-09,product-15,region-0,5,280
2026-08-10,product-16,region-1,6,281
2026-08-11,product-0,region-2,7,282
2026-08-12,product-1,region-3,8,283
2026-08-13,product-2,region-4,9,284
2026-08-14,product-3,region-0,1,285
2026-08-15,product-4,region-1,2,286
2026-08-16,product-5,region-2,3,287
2026-08-17,product-6,region-3,4,288
2026-08-18,product-7,region-4,5,289
2026-08-19,product-8,region-0,6,290
2026-08-20,product-9,region-1,7,291
2026-08-21,product-10,region-2,8,292
2026-08-22,product-11,region-3,9,293
2026-08-23,product-12,region-4,1,294
2026-08-24,product-13,region-0,2,295
2026-08-25,product-14,region-1,3,296
2026-08-26,product-15,region-2,4,297
2026-08-27,product-16,region-3,5,298
2026-08-28,product-0,region-4,6,299
2026-08-01,product-1,region-0,7,300
2026-08-02,product-2,region-1,8,301
2026-08-03,product-3,region-2,9,302
2026-08-04,product-4,region-3,1,303
2026-08-05,product-5,region-4,2,304
2026-08-06,product-6,region-0,3,305
2026-08-07,product-7,region-1,4,306
2026-08-08,product-8,region-2,5,307
2026-08-09,product-9,region-3,6,308
2026-08-10,product-10,region-4,7,309
2026-08-11,product-11,region-0,8,310
2026-08-12,product-12,region-1,9,311
2026-08-13,product-13,region-2,1,312
2026-08-14,product-14,region-3,2,313
2026-08-15,product-15,region-4,3,314
2026-08-16,product-16,region-0,4,315
2026-08-17,product-0,region-1,5,316
2026-08-18,product-1,region-2,6,317
2026-08-19,product-2,region-3,7,318
2026-08-20,product-3,region-4,8,319
2026-08-21,product-4,region-0,9,320
2026-08-22,product-5,region-1,1,321
2026-08-23,product-6,region-2,2,322
2026-08-24,product-7,region-3,3,323
2026-08-25,product-8,region-4,4,324
2026-08-26,product-9,region-0,5,325
2026-08-27,product-10,region-1,6,326
2026-08-28,product-11,region-2,7,327
2026-08-01,product-12,region-3,8,328
2026-08-02,product-13,region-4,9,329
2026-08-03,product-14,region-0,1,330
2026-08-04,product-15,region-1,2,331
2026-08-05,product-16,region-2,3,332
2026-08-06,product-0,region-3,4,333
2026-08-07,product-1,region-4,5,334
2026-08-08,product-2,region-0,6,335
2026-08-09,product-3,region-1,7,336
2026-08-10,product-4,region-2,8,337
2026-08-11,product-5,region-3,9,338
2026-08-12,product-6,region-4,1,339
2026-08-13,product-7,region-0,2,340
2026-08-14,product-8,region-1,3,341
2026-08-15,product-9,region-2,4,342
2026-08-16,product-10,region-3,5,343
2026-08-17,product-11,region-4,6,344
2026-08-18,product-12,region-0,7,345
2026-08-19,product-13,region-1,8,346
2026-08-20,product-14,region-2,9,347
2026-08-21,product-15,region-3,1,348
2026-08-22,product-16,region-4,2,349
2026-08-23,product-0,region-0,3,350
2026-08-24,product-1,region-1,4,351
2026-08-25,product-2,region-2,5,352
2026-08-26,product-3,region-3,6,353
2026-08-27,product-4,region-4,7,354
2026-08-28,product-5,region-0,8,355
2026-08-01,product-6,region-1,9,356
2026-08-02,product-7,region-2,1,357
2026-08-03,product-8,region-3,2,358
2026-08-04,product-9,region-4,3,359
2026-08-05,product-10,region-0,4,360
2026-08-06,product-11,region-1,5,361
2026-08-07,product-12,region-2,6,362
2026-08-08,product-13,region-3,7,363
2026-08-09,product-14,region-4,8,364
2026-08-10,product-15,region-0,9,365
2026-08-11,product-16,region-1,1,366
2026-08-12,product-0,region-2,2,367
2026-08-13,product-1,region-3,3,368
2026-08-14,product-2,region-4,4,369
2026-08-15,product-3,region-0,5,370
2026-08-16,product-4,region-1,6,371
2026-08-17,product-5,region-2,7,372
2026-08-18,product-6,region-3,8,373
2026-08-19,product-7,region-4,9,374
2026-08-20,product-8,region-0,1,375
2026-08-21,product-9,region-1,2,376
2026-08-22,product-10,region-2,3,377
2026-08-23,product-11,region-3,4,378
2026-08-24,product-12,region-4,5,379
2026-08-25,product-13,region-0,6,380
2026-08-26,product-14,region-1,7,381
2026-08-27,product-15,region-2,8,382
2026-08-28,product-16,region-3,9,383
2026-08-01,product-0,region-4,1,384
2026-08-02,product-1,region-0,2,385
2026-08-03,product-2,region-1,3,386
2026-08-04,product-3,region-2,4,387
2026-08-05,product-4,region-3,5,388
2026-08-06,product-5,region-4,6,389
2026-08-07,product-6,region-0,7,390
2026-08-08,product-7,region-1,8,391
2026-08-09,product-8,region-2,9,392
2026-08-10,product-9,region-3,1,393
2026-08-11,product-10,region-4,2,394
2026-08-12,product-11,region-0,3,395
2026-08-13,product-12,region-1,4,396
2026-08-14,product-13,region-2,5,397
2026-08-15,product-14,region-3,6,398
2026-08-16,product-15,region-4,7,399
2026-08-17,product-16,region-0,8,400
2026-08-18,product-0,region-1,9,401
2026-08-19,product-1,region-2,1,402
2026-08-20,product-2,region-3,2,403
2026-08-21,product-3,region-4,3,404
2026-08-22,product-4,region-0,4,405
2026-08-23,product-5,region-1,5,406
2026-08-24,product-6,region-2,6,407
2026-08-25,product-7,region-3,7,408
2026-08-26,product-8,region-4,8,409
2026-08-27,product-9,region-0,9,410
2026-08-28,product-10,region-1,1,411
2026-08-01,product-11,region-2,2,412
2026-08-02,product-12,region-3,3,413
2026-08-03,product-13,region-4,4,414
2026-08-04,product-14,region-0,5,415
2026-08-05,product-15,region-1,6,416
2026-08-06,product-16,region-2,7,417
2026-08-07,product-0,region-3,8,418
2026-08-08,product-1,region-4,9,419
2026-08-09,product-2,region-0,1,420
2026-08-10,product-3,region-1,2,421
2026-08-11,product-4,region-2,3,422
2026-08-12,product-5,region-3,4,423
2026-08-13,product-6,region-4,5,424
2026-08-14,product-7,region-0,6,425
2026-08-15,product-8,region-1,7,426
2026-08-16,product-9,region-2,8,427
2026-08-17,product-10,region-3,9,428
2026-08-18,product-11,region-4,1,429
2026-08-19,product-12,region-0,2,430
2026-08-20,product-13,region-1,3,431
2026-08-21,product-14,region-2,4,432
2026-08-22,product-15,region-3,5,433
2026-08-23,product-16,region-4,6,434
2026-08-24,product-0,region-0,7,435
2026-08-25,product-1,region-1,8,436
2026-08-26,product-2,region-2,9,437
2026-08-27,product-3,region-3,1,438
2026-08-28,product-4,region-4,2,439
2026-08-01,product-5,region-0,3,440
2026-08-02,product-6,region-1,4,441
2026-08-03,product-7,region-2,5,442
2026-08-04,product-8,region-3,6,443
2026-08-05,product-9,region-4,7,444
2026-08-06,product-10,region-0,8,445
2026-08-07,product-11,region-1,9,446
2026-08-08,product-12,region-2,1,447
2026-08-09,product-13,region-3,2,448
2026-08-10,product-14,region-4,3,449
2026-08-11,product-15,region-0,4,450
2026-08-12,product-16,region-1,5,451
2026-08-13,product-0,region-2,6,452
2026-08-14,product-1,region-3,7,453
2026-08-15,product-2,region-4,8,454
2026-08-16,product-3,region-0,9,455
2026-08-17,product-4,region-1,1,456
2026-08-18,product-5,region-2,2,457
2026-08-19,product-6,region-3,3,458
2026-08-20,product-7,region-4,4,459
2026-08-21,product-8,region-0,5,460
2026-08-22,product-9,region-1,6,461
2026-08-23,product-10,region-2,7,462
2026-08-24,product-11,region-3,8,463
2026-08-25,product-12,region-4,9,464
2026-08-26,product-13,region-0,1,465
2026-08-27,product-14,region-1,2,466
2026-08-28,product-15,region-2,3,467
2026-08-01,product-16,region-3,4,468
2026-08-02,product-0,region-4,5,469
2026-08-03,product-1,region-0,6,470
2026-08-04,product-2,region-1,7,471
2026-08-05,product-3,region-2,8,472
2026-08-06,product-4,region-3,9,473
2026-08-07,product-5,region-4,1,474
2026-08-08,product-6,region-0,2,475
2026-08-09,product-7,region-1,3,476
2026-08-10,product-8,region-2,4,477
2026-08-11,product-9,region-3,5,478
2026-08-12,product-10,region-4,6,479
2026-08-13,product-11,region-0,7,480
2026-08-14,product-12,region-1,8,481
2026-08-15,product-13,region-2,9,482
2026-08-16,product-14,region-3,1,483
2026-08-17,product-15,region-4,2,484
2026-08-18,product-16,region-0,3,485
2026-08-19,product-0,region-1,4,486
2026-08-20,product-1,region-2,5,487
2026-08-21,product-2,region-3,6,488
2026-08-22,product-3,region-4,7,489
2026-08-23,product-4,region-0,8,490
2026-08-24,product-5,region-1,9,491
2026-08-25,product-6,region-2,1,492
2026-08-26,product-7,region-3,2,493
2026-08-27,product-8,region-4,3,494
2026-08-28,product-9,region-0,4,495
2026-08-01,product-10,region-1,5,496
2026-08-02,product-11,region-2,6,497
2026-08-03,product-12,region-3,7,498
2026-08-04,product-13,region-4,8,499
2026-08-05,product-14,region-0,9,100
2026-08-06,product-15,region-1,1,101
2026-08-07,product-16,region-2,2,102
2026-08-08,product-0,region-3,3,103
2026-08-09,product-1,region-4,4,104
2026-08-10,product-2,region-0,5,105
2026-08-11,product-3,region-1,6,106
2026-08-12,product-4,region-2,7,107
2026-08-13,product-5,region-3,8,108
2026-08-14,product-6,region-4,9,109
2026-08-15,product-7,region-0,1,110
2026-08-16,product-8,region-1,2,111
2026-08-17,product-9,region-2,3,112
2026-08-18,product-10,region-3,4,113
2026-08-19,product-11,region-4,5,114
2026-08-20,product-12,region-0,6,115
2026-08-21,product-13,region-1,7,116
2026-08-22,product-14,region-2,8,117
2026-08-23,product-15,region-3,9,118
2026-08-24,product-16,region-4,1,119
2026-08-25,product-0,region-0,2,120
2026-08-26,product-1,region-1,3,121
2026-08-27,product-2,region-2,4,122
2026-08-28,product-3,region-3,5,123
2026-08-01,product-4,region-4,6,124
2026-08-02,product-5,region-0,7,125
2026-08-03,product-6,region-1,8,126
2026-08-04,product-7,region-2,9,127
2026-08-05,product-8,region-3,1,128
2026-08-06,product-9,region-4,2,129
2026-08-07,product-10,region-0,3,130
2026-08-08,product-11,region-1,4,131
2026-08-09,product-12,region-2,5,132
2026-08-10,product-13,region-3,6,133
2026-08-11,product-14,region-4,7,134
2026-08-12,product-15,region-0,8,135
2026-08-13,product-16,region-1,9,136
2026-08-14,product-0,region-2,1,137
2026-08-15,product-1,region-3,2,138
2026-08-16,product-2,region-4,3,139
2026-08-17,product-3,region-0,4,140
2026-08-18,product-4,region-1,5,141
2026-08-19,product-5,region-2,6,142
2026-08-20,product-6,region-3,7,143
2026-08-21,product-7,region-4,8,144
2026-08-22,product-8,region-0,9,145
2026-08-23,product-9,region-1,1,146
2026-08-24,product-10,region-2,2,147
2026-08-25,product-11,region-3,3,148
2026-08-26,product-12,region-4,4,149
2026-08-27,product-13,region-0,5,150
2026-08-28,product-14,region-1,6,151
2026-08-01,product-15,region-2,7,152
2026-08-02,product-16,region-3,8,153
2026-08-03,product-0,region-4,9,154
2026-08-04,product-1,region-0,1,155
2026-08-05,product-2,region-1,2,156
2026-08-06,product-3,region-2,3,157
2026-08-07,product-4,region-3,4,158
2026-08-08,product-5,region-4,5,159
2026-08-09,product-6,region-0,6,160
2026-08-10,product-7,region-1,7,161
2026-08-11,product-8,region-2,8,162
2026-08-12,product-9,region-3,9,163
2026-08-13,product-10,region-4,1,164
2026-08-14,product-11,region-0,2,165
2026-08-15,product-12,region-1,3,166
2026-08-16,product-13,region-2,4,167
2026-08-17,product-14,region-3,5,168
2026-08-18,product-15,region-4,6,169
2026-08-19,product-16,region-0,7,170
2026-08-20,product-0,region-1,8,171
2026-08-21,product-1,region-2,9,172
2026-08-22,product-2,region-3,1,173
2026-08-23,product-3,region-4,2,174
2026-08-24,product-4,region-0,3,175
2026-08-25,product-5,region-1,4,176
2026-08-26,product-6,region-2,5,177
2026-08-27,product-7,region-3,6,178
2026-08-28,product-8,region-4,7,179
2026-08-01,product-9,region-0,8,180
2026-08-02,product-10,region-1,9,181
2026-08-03,product-11,region-2,1,182
2026-08-04,product-12,region-3,2,183
2026-08-05,product-13,region-4,3,184
2026-08-06,product-14,region-0,4,185
2026-08-07,product-15,region-1,5,186
2026-08-08,product-16,region-2,6,187
2026-08-09,product-0,region-3,7,188
2026-08-10,product-1,region-4,8,189
2026-08-11,product-2,region-0,9,190
2026-08-12,product-3,region-1,1,191
2026-08-13,product-4,region-2,2,192
2026-08-14,product-5,region-3,3,193
2026-08-15,product-6,region-4,4,194
2026-08-16,product-7,region-0,5,195
2026-08-17,product-8,region-1,6,196
2026-08-18,product-9,region-2,7,197
2026-08-19,product-10,region-3,8,198
2026-08-20,product-11,region-4,9,199
2026-08-21,product-12,region-0,1,200
2026-08-22,product-13,region-1,2,201
2026-08-23,product-14,region-2,3,202
2026-08-24,product-15,region-3,4,203
2026-08-25,product-16,region-4,5,204
2026-08-26,product-0,region-0,6,205
2026-08-27,product-1,region-1,7,206
2026-08-28,product-2,region-2,8,207
2026-08-01,product-3,region-3,9,208
2026-08-02,product-4,region-4,1,209
2026-08-03,product-5,region-0,2,210
2026-08-04,product-6,region-1,3,211
2026-08-05,product-7,region-2,4,212
2026-08-06,product-8,region-3,5,213
2026-08-07,product-9,region-4,6,214
2026-08-08,product-10,region-0,7,215
2026-08-09,product-11,region-1,8,216
2026-08-10,product-12,region-2,9,217
2026-08-11,product-13,region-3,1,218
2026-08-12,product-14,region-4,2,219
2026-08-13,product-15,region-0,3,220
2026-08-14,product-16,region-1,4,221
2026-08-15,product-0,region-2,5,222
2026-08-16,product-1,region-3,6,223
2026-08-17,product-2,region-4,7,224
2026-08-18,product-3,region-0,8,225
2026-08-19,product-4,region-1,9,226
2026-08-20,product-5,region-2,1,227
2026-08-21,product-6,region-3,2,228
2026-08-22,product-7,region-4,3,229
2026-08-23,product-8,region-0,4,230
2026-08-24,product-9,region-1,5,231
2026-08-25,product-10,region-2,6,232
2026-08-26,product-11,region-3,7,233
2026-08-27,product-12,region-4,8,234
2026-08-28,product-13,region-0,9,235
2026-08-01,product-14,region-1,1,236
2026-08-02,product-15,region-2,2,237
2026-08-03,product-16,region-3,3,238
2026-08-04,product-0,region-4,4,239
2026-08-05,product-1,region-0,5,240
2026-08-06,product-2,region-1,6,241
2026-08-07,product-3,region-2,7,242
2026-08-08,product-4,region-3,8,243
2026-08-09,product-5,region-4,9,244
2026-08-10,product-6,region-0,1,245
2026-08-11,product-7,region-1,2,246
2026-08-12,product-8,region-2,3,247
2026-08-13,product-9,region-3,4,248
2026-08-14,product-10,region-4,5,249
2026-08-15,product-11,region-0,6,250
2026-08-16,product-12,region-1,7,251
2026-08-17,product-13,region-2,8,252
2026-08-18,product-14,region-3,9,253
2026-08-19,product-15,region-4,1,254
2026-08-20,product-16,region-0,2,255
2026-08-21,product-0,region-1,3,256
2026-08-22,product-1,region-2,4,257
2026-08-23,product-2,region-3,5,258
2026-08-24,product-3,region-4,6,259
2026-08-25,product-4,region-0,7,260
2026-08-26,product-5,region-1,8,261
2026-08-27,product-6,region-2,9,262
2026-08-28,product-7,region-3,1,263
2026-08-01,product-8,region-4,2,264
2026-08-02,product-9,region-0,3,265
2026-08-03,product-10,region-1,4,266
2026-08-04,product-11,region-2,5,267
2026-08-05,product-12,region-3,6,268
2026-08-06,product-13,region-4,7,269
2026-08-07,product-14,region-0,8,270
2026-08-08,product-15,region-1,9,271
2026-08-09,product-16,region-2,1,272
2026-08-10,product-0,region-3,2,273
2026-08-11,product-1,region-4,3,274
2026-08-12,product-2,region-0,4,275
2026-08-13,product-3,region-1,5,276
2026-08-14,product-4,region-2,6,277
2026-08-15,product-5,region-3,7,278
2026-08-16,product-6,region-4,8,279
2026-08-17,product-7,region-0,9,280
2026-08-18,product-8,region-1,1,281
2026-08-19,product-9,region-2,2,282
2026-08-20,product-10,region-3,3,283
2026-08-21,product-11,region-4,4,284
2026-08-22,product-12,region-0,5,285
2026-08-23,product-13,region-1,6,286
2026-08-24,product-14,region-2,7,287
2026-08-25,product-15,region-3,8,288
2026-08-26,product-16,region-4,9,289
2026-08-27,product-0,region-0,1,290
2026-08-28,product-1,region-1,2,291
2026-08-01,product-2,region-2,3,292
2026-08-02,product-3,region-3,4,293
2026-08-03,product-4,region-4,5,294
2026-08-04,product-5,region-0,6,295
2026-08-05,product-6,region-1,7,296
2026-08-06,product-7,region-2,8,297
2026-08-07,product-8,region-3,9,298
2026-08-08,product-9,region-4,1,299
2026-08-09,product-10,region-0,2,300
2026-08-10,product-11,region-1,3,301
2026-08-11,product-12,region-2,4,302
2026-08-12,product-13,region-3,5,303
2026-08-13,product-14,region-4,6,304
2026-08-14,product-15,region-0,7,305
2026-08-15,product-16,region-1,8,306
2026-08-16,product-0,region-2,9,307
2026-08-17,product-1,region-3,1,308
2026-08-18,product-2,region-4,2,309
2026-08-19,product-3,region-0,3,310
2026-08-20,product-4,region-1,4,311
2026-08-21,product-5,region-2,5,312
2026-08-22,product-6,region-3,6,313
2026-08-23,product-7,region-4,7,314
2026-08-24,product-8,region-0,8,315
2026-08-25,product-9,region-1,9,316
2026-08-26,product-10,region-2,1,317
2026-08-27,product-11,region-3,2,318
2026-08-28,product-12,region-4,3,319
2026-08-01,product-13,region-0,4,320
2026-08-02,product-14,region-1,5,321
2026-08-03,product-15,region-2,6,322
2026-08-04,product-16,region-3,7,323
2026-08-05,product-0,region-4,8,324
2026-08-06,product-1,region-0,9,325
2026-08-07,product-2,region-1,1,326
2026-08-08,product-3,region-2,2,327
2026-08-09,product-4,region-3,3,328
2026-08-10,product-5,region-4,4,329
2026-08-11,product-6,region-0,5,330
2026-08-12,product-7,region-1,6,331
2026-08-13,product-8,region-2,7,332
2026-08-14,product-9,region-3,8,333
2026-08-15,product-10,region-4,9,334
2026-08-16,product-11,region-0,1,335
2026-08-17,product-12,region-1,2,336
2026-08-18,product-13,region-2,3,337
2026-08-19,product-14,region-3,4,338
2026-08-20,product-15,region-4,5,339
2026-08-21,product-16,region-0,6,340
2026-08-22,product-0,region-1,7,341
2026-08-23,product-1,region-2,8,342
2026-08-24,product-2,region-3,9,343
2026-08-25,product-3,region-4,1,344
2026-08-26,product-4,region-0,2,345
2026-08-27,product-5,region-1,3,346
2026-08-28,product-6,region-2,4,347
2026-08-01,product-7,region-3,5,348
2026-08-02,product-8,region-4,6,349
2026-08-03,product-9,region-0,7,350
2026-08-04,product-10,region-1,8,351
2026-08-05,product-11,region-2,9,352
2026-08-06,product-12,region-3,1,353
2026-08-07,product-13,region-4,2,354
2026-08-08,product-14,region-0,3,355
2026-08-09,product-15,region-1,4,356
2026-08-10,product-16,region-2,5,357
2026-08-11,product-0,region-3,6,358
2026-08-12,product-1,region-4,7,359
2026-08-13,product-2,region-0,8,360
2026-08-14,product-3,region-1,9,361
2026-08-15,product-4,region-2,1,362
2026-08-16,product-5,region-3,2,363
2026-08-17,product-6,region-4,3,364
2026-08-18,product-7,region-0,4,365
2026-08-19,product-8,region-1,5,366
2026-08-20,product-9,region-2,6,367
2026-08-21,product-10,region-3,7,368
2026-08-22,product-11,region-4,8,369
2026-08-23,product-12,region-0,9,370
2026-08-24,product-13,region-1,1,371
2026-08-25,product-14,region-2,2,372
2026-08-26,product-15,region-3,3,373
2026-08-27,product-16,region-4,4,374
2026-08-28,product-0,region-0,5,375
2026-08-01,product-1,region-1,6,376
2026-08-02,product-2,region-2,7,377
2026-08-03,product-3,region-3,8,378
2026-08-04,product-4,region-4,9,379
2026-08-05,product-5,region-0,1,380
2026-08-06,product-6,region-1,2,381
2026-08-07,product-7,region-2,3,382
2026-08-08,product-8,region-3,4,383
2026-08-09,product-9,region-4,5,384
2026-08-10,product-10,region-0,6,385
2026-08-11,product-11,region-1,7,386
2026-08-12,product-12,region-2,8,387
2026-08-13,product-13,region-3,9,388
2026-08-14,product-14,region-4,1,389
2026-08-15,product-15,region-0,2,390
2026-08-16,product-16,region-1,3,391
2026-08-17,product-0,region-2,4,392
2026-08-18,product-1,region-3,5,393
2026-08-19,product-2,region-4,6,394
2026-08-20,product-3,region-0,7,395
2026-08-21,product-4,region-1,8,396
2026-08-22,product-5,region-2,9,397
2026-08-23,product-6,region-3,1,398
2026-08-24,product-7,region-4,2,399
2026-08-25,product-8,region-0,3,400
2026-08-26,product-9,region-1,4,401
2026-08-27,product-10,region-2,5,402
2026-08-28,product-11,region-3,6,403
2026-08-01,product-12,region-4,7,404
2026-08-02,product-13,region-0,8,405
2026-08-03,product-14,region-1,9,406
2026-08-04,product-15,region-2,1,407
2026-08-05,product-16,region-3,2,408
2026-08-06,product-0,region-4,3,409
2026-08-07,product-1,region-0,4,410
2026-08-08,product-2,region-1,5,411
2026-08-09,product-3,region-2,6,412
2026-08-10,product-4,region-3,7,413
2026-08-11,product-5,region-4,8,414
2026-08-12,product-6,region-0,9,415
2026-08-13,product-7,region-1,1,416
2026-08-14,product-8,region-2,2,417
2026-08-15,product-9,region-3,3,418
2026-08-16,product-10,region-4,4,419
2026-08-17,product-11,region-0,5,420
2026-08-18,product-12,region-1,6,421
2026-08-19,product-13,region-2,7,422
2026-08-20,product-14,region-3,8,423
2026-08-21,product-15,region-4,9,424
2026-08-22,product-16,region-0,1,425
2026-08-23,product-0,region-1,2,426
2026-08-24,product-1,region-2,3,427
2026-08-25,product-2,region-3,4,428
2026-08-26,product-3,region-4,5,429
2026-08-27,product-4,region-0,6,430
2026-08-28,product-5,region-1,7,431
2026-08-01,product-6,region-2,8,432
2026-08-02,product-7,region-3,9,433
2026-08-03,product-8,region-4,1,434
2026-08-04,product-9,region-0,2,435
2026-08-05,product-10,region-1,3,436
2026-08-06,product-11,region-2,4,437
2026-08-07,product-12,region-3,5,438
2026-08-08,product-13,region-4,6,439
2026-08-09,product-14,region-0,7,440
2026-08-10,product-15,region-1,8,441
2026-08-11,product-16,region-2,9,442
2026-08-12,product-0,region-3,1,443
2026-08-13,product-1,region-4,2,444
2026-08-14,product-2,region-0,3,445
2026-08-15,product-3,region-1,4,446
2026-08-16,product-4,region-2,5,447
2026-08-17,product-5,region-3,6,448
2026-08-18,product-6,region-4,7,449
2026-08-19,product-7,region-0,8,450
2026-08-20,product-8,region-1,9,451
2026-08-21,product-9,region-2,1,452
2026-08-22,product-10,region-3,2,453
2026-08-23,product-11,region-4,3,454
2026-08-24,product-12,region-0,4,455
2026-08-25,product-13,region-1,5,456
2026-08-26,product-14,region-2,6,457
2026-08-27,product-15,region-3,7,458
2026-08-28,product-16,region-4,8,459
2026-08-01,product-0,region-0,9,460
2026-08-02,product-1,region-1,1,461
2026-08-03,product-2,region-2,2,462
2026-08-04,product-3,region-3,3,463
2026-08-05,product-4,region-4,4,464
2026-08-06,product-5,region-0,5,465
2026-08-07,product-6,region-1,6,466
2026-08-08,product-7,region-2,7,467
2026-08-09,product-8,region-3,8,468
2026-08-10,product-9,region-4,9,469
2026-08-11,product-10,region-0,1,470
2026-08-12,product-11,region-1,2,471
2026-08-13,product-12,region-2,3,472
2026-08-14,product-13,region-3,4,473
2026-08-15,product-14,region-4,5,474
2026-08-16,product-15,region-0,6,475
2026-08-17,product-16,region-1,7,476
2026-08-18,product-0,region-2,8,477
2026-08-19,product-1,region-3,9,478
2026-08-20,product-2,region-4,1,479
2026-08-21,product-3,region-0,2,480
2026-08-22,product-4,region-1,3,481
2026-08-23,product-5,region-2,4,482
2026-08-24,product-6,region-3,5,483
2026-08-25,product-7,region-4,6,484
2026-08-26,product-8,region-0,7,485
2026-08-27,product-9,region-1,8,486
2026-08-28,product-10,region-2,9,487
2026-08-01,product-11,region-3,1,488
2026-08-02,product-12,region-4,2,489
2026-08-03,product-13,region-0,3,490
2026-08-04,product-14,region-1,4,491
2026-08-05,product-15,region-2,5,492
2026-08-06,product-16,region-3,6,493
2026-08-07,product-0,region-4,7,494
2026-08-08,product-1,region-0,8,495
2026-08-09,product-2,region-1,9,496
2026-08-10,product-3,region-2,1,497
2026-08-11,product-4,region-3,2,498
2026-08-12,product-5,region-4,3,499
2026-08-13,product-6,region-0,4,100
2026-08-14,product-7,region-1,5,101
2026-08-15,product-8,region-2,6,102
2026-08-16,product-9,region-3,7,103
2026-08-17,product-10,region-4,8,104
2026-08-18,product-11,region-0,9,105
2026-08-19,product-12,region-1,1,106
2026-08-20,product-13,region-2,2,107
2026-08-21,product-14,region-3,3,108
2026-08-22,product-15,region-4,4,109
2026-08-23,product-16,region-0,5,110
2026-08-24,product-0,region-1,6,111
2026-08-25,product-1,region-2,7,112
2026-08-26,product-2,region-3,8,113
2026-08-27,product-3,region-4,9,114
2026-08-28,product-4,region-0,1,115
2026-08-01,product-5,region-1,2,116
2026-08-02,product-6,region-2,3,117
2026-08-03,product-7,region-3,4,118
2026-08-04,product-8,region-4,5,119
2026-08-05,product-9,region-0,6,120
2026-08-06,product-10,region-1,7,121
2026-08-07,product-11,region-2,8,122
2026-08-08,product-12,region-3,9,123
2026-08-09,product-13,region-4,1,124
2026-08-10,product-14,region-0,2,125
2026-08-11,product-15,region-1,3,126
2026-08-12,product-16,region-2,4,127
2026-08-13,product-0,region-3,5,128
2026-08-14,product-1,region-4,6,129
2026-08-15,product-2,region-0,7,130
2026-08-16,product-3,region-1,8,131
2026-08-17,product-4,region-2,9,132
2026-08-18,product-5,region-3,1,133
2026-08-19,product-6,region-4,2,134
2026-08-20,product-7,region-0,3,135
2026-08-21,product-8,region-1,4,136
2026-08-22,product-9,region-2,5,137
2026-08-23,product-10,region-3,6,138
2026-08-24,product-11,region-4,7,139
2026-08-25,product-12,region-0,8,140
2026-08-26,product-13,region-1,9,141
2026-08-27,product-14,region-2,1,142
2026-08-28,product-15,region-3,2,143
2026-08-01,product-16,region-4,3,144
2026-08-02,product-0,region-0,4,145
2026-08-03,product-1,region-1,5,146
2026-08-04,product-2,region-2,6,147
2026-08-05,product-3,region-3,7,148
2026-08-06,product-4,region-4,8,149
2026-08-07,product-5,region-0,9,150
2026-08-08,product-6,region-1,1,151
2026-08-09,product-7,region-2,2,152
2026-08-10,product-8,region-3,3,153
2026-08-11,product-9,region-4,4,154
2026-08-12,product-10,region-0,5,155
2026-08-13,product-11,region-1,6,156
2026-08-14,product-12,region-2,7,157
2026-08-15,product-13,region-3,8,158
2026-08-16,product-14,region-4,9,159
2026-08-17,product-15,region-0,1,160
2026-08-18,product-16,region-1,2,161
2026-08-19,product-0,region-2,3,162
2026-08-20,product-1,region-3,4,163
2026-08-21,product-2,region-4,5,164
2026-08-22,product-3,region-0,6,165
2026-08-23,product-4,region-1,7,166
2026-08-24,product-5,region-2,8,167
2026-08-25,product-6,region-3,9,168
2026-08-26,product-7,region-4,1,169
2026-08-27,product-8,region-0,2,170
2026-08-28,product-9,region-1,3,171
2026-08-01,product-10,region-2,4,172
2026-08-02,product-11,region-3,5,173
2026-08-03,product-12,region-4,6,174
2026-08-04,product-13,region-0,7,175
2026-08-05,product-14,region-1,8,176
2026-08-06,product-15,region-2,9,177
2026-08-07,product-16,region-3,1,178
2026-08-08,product-0,region-4,2,179
2026-08-09,product-1,region-0,3,180
2026-08-10,product-2,region-1,4,181
2026-08-11,product-3,region-2,5,182
2026-08-12,product-4,region-3,6,183
2026-08-13,product-5,region-4,7,184
2026-08-14,product-6,region-0,8,185
2026-08-15,product-7,region-1,9,186
2026-08-16,product-8,region-2,1,187
2026-08-17,product-9,region-3,2,188
2026-08-18,product-10,region-4,3,189
2026-08-19,product-11,region-0,4,190
2026-08-20,product-12,region-1,5,191
2026-08-21,product-13,region-2,6,192
2026-08-22,product-14,region-3,7,193
2026-08-23,product-15,region-4,8,194
2026-08-24,product-16,region-0,9,195
2026-08-25,product-0,region-1,1,196
2026-08-26,product-1,region-2,2,197
2026-08-27,product-2,region-3,3,198
2026-08-28,product-3,region-4,4,199
2026-08-01,product-4,region-0,5,200
2026-08-02,product-5,region-1,6,201
2026-08-03,product-6,region-2,7,202
2026-08-04,product-7,region-3,8,203
2026-08-05,product-8,region-4,9,204
2026-08-06,product-9,region-0,1,205
2026-08-07,product-10,region-1,2,206
2026-08-08,product-11,region-2,3,207
2026-08-09,product-12,region-3,4,208
2026-08-10,product-13,region-4,5,209
2026-08-11,product-14,region-0,6,210
2026-08-12,product-15,region-1,7,211
2026-08-13,product-16,region-2,8,212
2026-08-14,product-0,region-3,9,213
2026-08-15,product-1,region-4,1,214
2026-08-16,product-2,region-0,2,215
2026-08-17,product-3,region-1,3,216
2026-08-18,product-4,region-2,4,217
2026-08-19,product-5,region-3,5,218
2026-08-20,product-6,region-4,6,219
2026-08-21,product-7,region-0,7,220
2026-08-22,product-8,region-1,8,221
2026-08-23,product-9,region-2,9,222
2026-08-24,product-10,region-3,1,223
2026-08-25,product-11,region-4,2,224
2026-08-26,product-12,region-0,3,225
2026-08-27,product-13,region-1,4,226
2026-08-28,product-14,region-2,5,227
2026-08-01,product-15,region-3,6,228
2026-08-02,product-16,region-4,7,229
2026-08-03,product-0,region-0,8,230
2026-08-04,product-1,region-1,9,231
2026-08-05,product-2,region-2,1,232
2026-08-06,product-3,region-3,2,233
2026-08-07,product-4,region-4,3,234
2026-08-08,product-5,region-0,4,235
2026-08-09,product-6,region-1,5,236
2026-08-10,product-7,region-2,6,237
2026-08-11,product-8,region-3,7,238
2026-08-12,product-9,region-4,8,239
2026-08-13,product-10,region-0,9,240
2026-08-14,product-11,region-1,1,241
2026-08-15,product-12,region-2,2,242
2026-08-16,product-13,region-3,3,243
2026-08-17,product-14,region-4,4,244
2026-08-18,product-15,region-0,5,245
2026-08-19,product-16,region-1,6,246
2026-08-20,product-0,region-2,7,247
2026-08-21,product-1,region-3,8,248
2026-08-22,product-2,region-4,9,249
2026-08-23,product-3,region-0,1,250
2026-08-24,product-4,region-1,2,251
2026-08-25,product-5,region-2,3,252
2026-08-26,product-6,region-3,4,253
2026-08-27,product-7,region-4,5,254
2026-08-28,product-8,region-0,6,255
2026-08-01,product-9,region-1,7,256
2026-08-02,product-10,region-2,8,257
2026-08-03,product-11,region-3,9,258
2026-08-04,product-12,region-4,1,259
2026-08-05,product-13,region-0,2,260
2026-08-06,product-14,region-1,3,261
2026-08-07,product-15,region-2,4,262
2026-08-08,product-16,region-3,5,263
2026-08-09,product-0,region-4,6,264
2026-08-10,product-1,region-0,7,265
2026-08-11,product-2,region-1,8,266
2026-08-12,product-3,region-2,9,267
2026-08-13,product-4,region-3,1,268
2026-08-14,product-5,region-4,2,269
2026-08-15,product-6,region-0,3,270
2026-08-16,product-7,region-1,4,271
2026-08-17,product-8,region-2,5,272
2026-08-18,product-9,region-3,6,273
2026-08-19,product-10,region-4,7,274
2026-08-20,product-11,region-0,8,275
2026-08-21,product-12,region-1,9,276
2026-08-22,product-13,region-2,1,277
2026-08-23,product-14,region-3,2,278
2026-08-24,product-15,region-4,3,279
2026-08-25,product-16,region-0,4,280
2026-08-26,product-0,region-1,5,281
2026-08-27,product-1,region-2,6,282
2026-08-28,product-2,region-3,7,283
2026-08-01,product-3,region-4,8,284
2026-08-02,product-4,region-0,9,285
2026-08-03,product-5,region-1,1,286
2026-08-04,product-6,region-2,2,287
2026-08-05,product-7,region-3,3,288
2026-08-06,product-8,region-4,4,289
2026-08-07,product-9,region-0,5,290
2026-08-08,product-10,region-1,6,291
2026-08-09,product-11,region-2,7,292
2026-08-10,product-12,region-3,8,293
2026-08-11,product-13,region-4,9,294
2026-08-12,product-14,region-0,1,295
2026-08-13,product-15,region-1,2,296
2026-08-14,product-16,region-2,3,297
2026-08-15,product-0,region-3,4,298
2026-08-16,product-1,region-4,5,299
